33649,304.2544649
33650,405.00046
33651,381.0226645
33652,355.7780299
33653,392.9267278
33654,369.797289
33655,375.4385004
33656,357.2148825
33657,378.9747744
33658,346.6055451
33659,356.7588063
33660,340.7537772
33661,323.2725332
33662,396.1551294
33663,461.1209359
33664,472.2189026
33665,479.8869059
33666,452.710741
33667,458.3807849
33668,414.2999433
33669,363.3032405
33670,386.5301211
33671,383.7808431
33672,365.27346
33673,385.8844023
33674,396.8698257
33675,436.9481135
33676,337.3895431
33677,192.6797865
33678,106.9266651
33679,56.90145854
33680,42.94716103
33681,27.24633122
33682,13.37834414
33683,17.14062266
33684,15.88579384
33685,126.4902782
33686,131.7626964
33687,165.1429954
33688,185.7379895
33689,188.8777163
33690,183.2840307
33691,152.7735829
33692,123.4702905
33693,110.4388033
33694,97.18059067
33695,115.4170922
33696,121.6613029
33697,175.6925292
33698,229.7792516
33699,246.7321816
33700,250.9396878
33701,265.238278
33702,258.9928979
33703,261.6397918
33704,226.4907893
33705,218.3676086
33706,217.8339321
33707,196.654959
33708,143.8814061
33709,138.3162426
33710,136.173898
33711,139.8449882
33712,193.2135525
33713,253.4902021
33714,228.3477436
33715,186.1433002
33716,375.6012276
33717,388.1038385
33718,410.3885682
33719,416.9652642
33720,421.8161074
33721,413.6919407
33722,409.7142908
33723,445.2378105
33724,413.3896953
33725,483.2158351
33726,459.5371729
33727,249.5737845
33728,358.5346749
33729,303.8882041
33730,308.7469987
33731,405.6120824
33732,300.5680228
33733,164.7174841
33734,187.1027036
33735,223.253945
33736,267.7154302
33737,304.8400681
33738,287.1146426
33739,250.0239099
33740,261.4261765
33741,304.3542515
33742,324.0523971
33743,350.007506
33744,297.6584697
33745,214.7904513
33746,160.2624438
33747,160.7572448
33748,161.6283062
33749,177.9705606
33750,330.8533434
33751,383.8769722
33752,320.0722839
33753,277.6321577
33754,267.1151214
33755,264.5174903
33756,251.8505381
33757,235.7155946
33758,224.0788744
33759,219.0505187
33760,193.1709598
33761,158.7707278
33762,160.0399568
33763,158.6203718
33764,177.3420713
33765,192.1591183
33766,190.1457654
33767,173.2630711
33768,169.4874173
33769,175.9413948
33770,99.25259713
33771,164.3453226
33772,153.8929932
33773,158.8610832
33774,165.7120087
33775,166.5995357
33776,165.0695533
33777,167.1163148
33778,164.6115334
33779,195.3801258
33780,202.4521867
33781,122.2739621
33782,186.9569461
33783,191.4657716
33784,200.7592701
33785,197.6750259
33786,200.6353205
33787,211.8607574
33788,212.0725862
33789,211.5882218
33790,132.9117933
33791,221.6582983
33792,215.095984
33793,227.8739909
33794,223.9970662
33795,135.9547268
33796,196.1344017
33797,202.7177605
33798,190.708339
33799,170.3164782
33800,162.0560174
33801,154.7690528
33802,144.1481788
33803,90.13427728
33804,156.1211655
33805,176.9488414
33806,124.875405
33807,167.2412979
33808,135.1732512
33809,117.33481
33810,114.2728756
33811,112.215041
33812,107.2348069
33813,111.6615428
33814,117.6949854
33815,78.40855955
33816,94.24881763
33817,45.92190198
33818,59.38014246
33819,21.29205144
33820,16.53649497
33821,15.30994307
33822,15.17620757
33823,13.62702223
33824,12.70463377
33825,13.42983616
33826,13.75976652
33827,12.71305196
33828,16.43424839
33829,17.48248212
33830,21.09832242
33831,19.10611885
33832,15.35695191
33833,13.17471555
33834,12.73590243
33835,14.61923127
33836,15.62548963
33837,18.77669973
33838,16.35090815
33839,11.9023818
33840,10.24797166
33841,10.73774856
33842,8.805104194
33843,10.49063579
33844,10.02200522
33845,8.920543702
33846,8.837147222
33847,8.348955493
33848,9.419795195
33849,10.25135964
33850,11.84997995
33851,11.4421526
33852,11.0303263
33853,13.69245856
33854,15.36385137
33855,17.92484605
33856,25.03539449
33857,31.16841576
33858,37.56520171
33859,38.76979016
33860,54.0995889
33861,77.71758927
33862,94.40777703
33863,110.392281
33864,107.9455264
33865,85.72041846
33866,75.38036778
33867,22.79710765
33868,7.126818672
33869,9.128828714
33870,8.217500067
33871,7.577758763
33872,8.518051588
33873,7.636165116
33874,9.029772102
33875,6.623745454
33876,6.17232525
33877,6.310266002
33878,7.505908151
33879,15.84927385
33880,14.96730293
33881,15.55794492
33882,13.69471495
33883,18.07455575
33884,30.71017615
33885,72.93246484
33886,80.52812022
33887,85.67086621
33888,83.47282083
33889,91.7802603
33890,100.1193901
33891,96.0889786
33892,122.4134707
33893,123.6631162
33894,99.25369777
33895,78.05093221
33896,52.42711576
33897,32.89530265
33898,30.90892351
33899,46.09998433
33900,49.19284853
33901,43.56274394
33902,54.29452354
33903,42.07843649
33904,48.49535136
33905,49.07406079
33906,79.73558886
33907,60.17943158
33908,54.19978163
33909,38.44278779
33910,35.00823438
33911,38.02367466
33912,41.86562538
33913,32.98767823
33914,32.7423743
33915,26.48936456
33916,32.71613022
33917,43.46960759
33918,31.51578216
33919,25.68679072
33920,21.18771316
33921,25.47502909
33922,31.92991079
33923,25.70513623
33924,26.84126825
33925,27.20440499
33926,43.07701144
33927,66.88784369
33928,83.2452832
33929,82.48804027
33930,92.50074691
33931,98.10475628
33932,119.0722576
33933,116.4827905
33934,33.64476094
33935,19.48628795
33936,16.57310298
33937,11.52174658
33938,15.50670113
33939,13.8463765
33940,8.732086537
33941,10.72261893
33942,12.78276683
33943,12.46104306
33944,14.09529196
33945,17.59671252
33946,13.08295266
33947,13.82027207
33948,14.92192232
33949,14.3688811
33950,11.62929734
33951,12.01681321
33952,10.53492401
33953,13.7588395
33954,14.76077627
33955,15.60490647
33956,17.50046601
33957,24.67175845
33958,23.96220278
33959,21.61818675
33960,20.42059969
33961,22.19298346
33962,21.28027414
33963,19.52492449
33964,14.58061311
33965,18.24755879
33966,13.02852642
33967,12.51532964
33968,12.8442274
33969,20.86690036
33970,30.06762083
33971,39.28757361
33972,20.20970361
33973,15.52958202
33974,13.37543501
33975,12.23382573
33976,14.70270055
33977,14.67567824
33978,22.49071273
33979,25.71894127
33980,33.8287441
33981,62.12936511
33982,63.04604841
33983,62.51545639
33984,68.66763565
33985,52.74298392
33986,46.0375838
33987,47.69703508
33988,38.28726651
33989,46.45364185
33990,43.44167135
33991,41.95066834
33992,32.41443111
33993,32.05993373
33994,36.37212187
33995,44.35313032
33996,41.73120316
33997,45.70396185
33998,46.35897564
33999,51.15486586
34000,56.72568079
34001,52.90529968
34002,73.78157989
34003,74.21059069
34004,83.57585038
34005,87.95268543
34006,81.3069768
34007,86.00465045
34008,78.87687706
34009,83.11498682
34010,85.13129702
34011,85.98588585
34012,87.36390758
34013,95.61591087
34014,91.23144583
34015,90.36650432
34016,91.83455033
34017,93.42719996
34018,95.24551409
34019,77.27244167
34020,62.84307674
34021,65.09812587
34022,64.01126785
34023,87.17913879
34024,88.22551333
34025,99.35620442
34026,101.5936489
34027,109.3929377
34028,113.4413673
34029,123.0442739
34030,134.4950455
34031,135.765662
34032,119.8168821
34033,134.6311931
34034,135.1066622
34035,146.0032172
34036,133.5911564
34037,141.7046604
34038,128.8795423
34039,126.2206287
34040,124.1347473
34041,145.345117
34042,161.0506115
34043,168.3735216
34044,169.1182183
34045,161.0966283
34046,152.8606814
34047,140.1682797
34048,116.9590496
34049,119.0374203
34050,143.0108697
34051,153.4972918
34052,158.9318946
34053,162.1094523
34054,157.0407403
34055,138.8078229
34056,113.4175666
34057,74.49703029
34058,55.32139115
34059,57.24980221
34060,53.54294636
34061,47.34385767
34062,34.65262974
34063,27.82521819
34064,27.19349976
34065,27.49646082
34066,27.1058033
34067,27.08013898
34068,14.15203682
34069,13.39937192
34070,14.34912828
34071,17.87655972
34072,32.63666807
34073,40.34367178
34074,46.65298494
34075,49.34079853
34076,48.86309526
34077,25.285031
34078,54.26038926
34079,33.14495019
34080,49.16771428
34081,55.90582235
34082,79.16250525
34083,88.60906447
34084,94.87060358
34085,115.05851
34086,110.3399909
34087,111.683363
34088,110.3647714
34089,106.3379789
34090,97.37600537
34091,63.86840168
34092,31.82260688
34093,22.29059624
34094,16.63956192
34095,8.983792742
34096,9.125426621
34097,10.94546751
34098,10.70730064
34099,9.588119336
34100,7.171392824
34101,11.81085818
34102,9.004801501
34103,9.284995454
34104,9.110165475
34105,8.005513485
34106,8.731487661
34107,6.136402507
34108,7.270136967
34109,5.952728433
34110,6.884117082
34111,8.423445267
34112,8.584323531
34113,10.04406072
34114,11.25002991
34115,15.32317033
34116,19.54852038
34117,20.19341001
34118,13.20866766
34119,16.72615804
34120,20.23947145
34121,30.63150452
34122,22.02272858
34123,24.88960706
34124,33.49661218
34125,39.89137989
34126,24.48181134
34127,30.85995099
34128,53.25025358
34129,59.03418435
34130,83.95797295
34131,100.1823213
34132,100.632982
34133,87.89053179
34134,68.82431023
34135,46.4441407
34136,15.03826224
34137,13.89790843
34138,11.72959608
34139,7.033979436
34140,9.451485826
34141,9.28046346
34142,11.65645586
34143,9.082414198
34144,9.258887756
34145,9.36630843
34146,9.095969848
34147,10.50661382
34148,14.75600488
34149,17.97951025
34150,15.35449261
34151,11.78219922
34152,12.58685844
34153,12.10737615
34154,15.57077043
34155,16.4004432
34156,12.63042963
34157,15.87577536
34158,13.87324202
34159,12.92572777
34160,17.74760595
34161,17.01510323
34162,14.76962592
34163,16.99823912
34164,15.5339899
34165,13.77800625
34166,17.73359085
34167,22.66863339
34168,25.68724539
34169,31.05427902
34170,40.98866137
34171,60.75925254
34172,70.04262489
34173,53.26272393
34174,35.12394345
34175,26.49047543
34176,24.46295392
34177,16.9279823
34178,20.68383933
34179,14.42016034
34180,13.58161072
34181,13.85032224
34182,11.30942906
34183,10.04193668
34184,10.45316615
34185,10.96807516
34186,11.44097717
34187,17.63864682
34188,12.11266326
34189,11.93983181
34190,13.66718974
34191,13.88716538
34192,20.48246952
34193,25.53111518
34194,33.25778823
34195,20.7586432
34196,51.88304392
34197,66.0095141
34198,73.72200003
34199,79.75757203
34200,109.6866705
34201,102.9989297
34202,112.7809128
34203,91.22102617
34204,108.6537139
34205,101.5050495
34206,96.45550605
34207,83.08714138
34208,60.74286336
34209,39.74406493
34210,27.49134073
34211,23.19014072
34212,46.0422647
34213,53.80926653
34214,56.57159637
34215,57.23840545
34216,75.76468952
34217,102.2455126
34218,112.4170083
34219,115.1441638
34220,120.234929
34221,122.0600638
34222,116.8482856
34223,111.3314703
34224,111.5623929
34225,126.7205649
34226,152.1044557
34227,170.289156
34228,201.5054609
34229,228.0691668
34230,148.157713
34231,197.2946031
34232,158.5797759
34233,166.986993
34234,159.568673
34235,169.6629817
34236,128.7889353
34237,129.7682442
34238,133.5049062
34240,157.4520649
34241,164.5739556
34242,159.0879111
34243,200.5321354
34244,162.6128842
34245,203.4382424
34246,215.5572318
34247,233.6493871
34248,252.2683811
34249,255.1735834
34250,275.0222385
34251,284.3080471
34252,309.0158458
34253,209.3112428
34254,317.1589271
34255,292.3720951
34256,263.224249
34257,245.9489196
34258,252.3150587
34259,259.8178656
34260,276.4338384
34261,267.7560954
34262,220.164461
34263,129.7319402
34264,56.1948857
34265,17.63829685
34266,14.50842022
34267,9.981032456
34268,10.4381736
34269,9.254142043
34270,7.758896082
34271,11.66550117
34272,13.24293443
34273,11.86495134
34274,12.10605385
34275,15.7276191
34276,12.49062689
34277,11.48890124
34278,10.92347072
34279,12.35948566
34280,12.173262
34281,13.93237553
34282,17.52850103
34283,22.46817278
34284,27.29111851
34285,29.21412213
34286,35.71296416
34287,35.01592816
34288,40.93308742
34289,35.28124542
34290,44.67275488
34291,53.3516447
34292,62.91657896
34293,82.04673552
34294,126.2520869
34295,160.8672365
34296,224.4605254
34297,273.5084038
34298,423.8503831
34299,466.8462282
34300,473.4358727
34301,381.1360761
34302,535.2941231
34303,529.4574421
34304,411.300477
34305,393.163643
34306,339.4068706
34307,312.2765847
34308,269.652504
34309,267.3569779
34310,241.6067345
34311,233.7830408
34312,236.4152998
34313,238.5899627
34314,246.1005197
34315,205.386208
34316,200.8239767
34317,258.1053849
34318,197.7975125
34319,295.3864649
34320,279.7558475
34321,301.1624573
34322,295.5723434
34323,210.0508672
34324,32.72141724
34325,16.00069436
34326,8.86371981
34327,8.845325655
34328,14.31724183
34329,9.900857043
34330,11.42905535
34331,8.870583824
34332,10.24629085
34333,13.31491169
34334,8.265409262
34335,11.0506597
34336,10.58149692
34337,8.560248236
34338,9.43467461
34339,10.53500682
34340,5.555396832
34341,6.796264905
34342,5.965509239
34343,7.436907744
34344,9.449100135
34345,7.683758306
34346,7.293464831
34347,6.21768993
34348,4.634787503
34349,4.733634067
34350,3.301230583
34351,4.468314198
34352,4.90084681
34353,5.762911666
34354,4.846624553
34355,6.546709071
34356,5.465988733
34357,6.639568266
34358,7.017761796
34359,8.396583936
34360,12.55414098
34361,10.7420642
34362,22.53803573
34363,78.5520029
34364,38.71144982
34365,36.7861016
34366,35.34116291
34367,40.35205111
34368,50.61767863
34369,49.7222177
34370,40.23998405
34371,54.76680073
34372,65.79902954
34373,70.49372558
34374,72.49611842
34375,70.08096595
34376,72.22249451
34377,79.85124522
34378,73.2085131
34379,70.51899071
34380,65.59443252
34381,62.63376391
34382,62.65596022
34383,47.13561224
34384,45.50605164
34385,60.57706837
34386,61.86377287
34387,63.63694852
34388,78.29961825
34389,65.89375275
34390,26.03726407
34391,12.2582724
34392,7.83137155
34393,9.788402227
34394,10.37404319
34395,9.586887529
34396,11.02803349
34397,11.35345089
34398,11.92619923
34399,11.87142437
34400,11.31476493
34401,10.5313159
34402,8.638818207
34403,6.947464177
34404,6.487789779
34405,9.87419587
34406,11.72091859
34407,13.35234943
34408,16.15760388
34409,17.8178276
34410,20.54761427
34411,36.48365172
34412,59.3461303
34413,69.79029619
34414,118.6052817
34415,128.1487158
34416,154.9775284
34417,155.4228411
34418,151.6471418
34419,159.8239018
34420,133.088669
34421,50.48846761
34422,40.47011623
34423,35.24921742
34424,39.91350369
34425,40.39838129
34426,39.8871858
34427,34.45047987
34428,45.22115636
34429,50.36290895
34430,57.46386458
34431,64.41107594
34432,70.6962159
34433,73.05513954
34434,76.2542602
34435,93.61872844
34436,116.3948835
34437,106.9314731
34438,156.3242081
34439,162.8876799
34440,163.2626041
34441,128.6491788
34442,162.0949401
34443,177.4633714
34444,179.9712215
34445,110.7654547
34446,119.0194465
34447,101.2473355
34448,91.23386763
34449,101.5641921
34450,90.29513575
34451,64.11731068
34452,59.90261191
34453,67.1906231
34454,95.7296006
34455,106.4168063
34456,96.37916005
34457,163.3921538
34458,205.7405326
34459,169.2555047
34460,227.0747175
34461,238.5573599
34462,287.3593781
34463,300.5606899
34464,293.2618461
34465,306.3036926
34466,303.8525091
34467,306.9975437
34468,318.3373984
34469,345.9694197
34470,323.6702713
34471,328.3884139
34472,312.1260032
34473,296.3328545
34474,293.551736
34475,273.8768312
34476,262.0419238
34477,288.6722901
34478,268.7068145
34479,239.4760001
34480,224.6624013
34481,287.5341998
34482,286.0070382
34483,253.9671145
34484,260.9004415
34485,66.58191458
34486,27.70328265
34487,10.49874908
34488,8.890423636
34489,14.13632782
34490,15.64139484
34491,17.37232622
34492,18.02850762
34493,22.71056725
34494,18.99573004
34495,16.68965556
34496,15.94377789
34497,11.71015559
34498,10.15070276
34499,9.155132415
34500,7.89158208
34501,8.949517513
34502,9.154101024
34503,8.903592826
34504,14.26228955
34505,14.20883201
34506,13.9649477
34507,10.24705812
34508,11.63459945
34509,14.36308574
34510,11.54535144
34511,15.30465857
34512,14.5590771
34513,15.53226788
34514,14.67000574
34515,14.8004754
34516,13.5001037
34517,12.57532607
34518,12.12134712
34519,11.31411952
34520,13.17925493
34521,12.41799119
34522,14.30160501
34523,12.27601748
34524,9.639856569
34525,10.69355641
34526,11.47769597
34527,14.22444838
34528,14.55943164
34529,17.20914997
34530,19.85992351
34531,21.70160896
34532,32.23211854
34533,32.71225906
34534,40.80351161
34535,45.07090806
34536,45.18107503
34537,50.00919276
34538,60.45270571
34539,79.84438902
34540,77.96532651
34541,78.37706734
34542,76.72438798
34543,64.86899562
34544,76.8351666
34545,72.5530357
34546,100.9977461
34547,92.42851024
34548,90.64656811
34549,52.129272
34550,43.2283645
34551,51.3949379
34552,65.68854615
34553,71.13415896
34554,111.6289478
34555,134.7369774
34556,128.9874691
34557,122.596378
34558,114.4807209
34559,133.3645769
34560,118.8157032
34561,121.6710552
34562,123.2289384
34563,125.1638577
34564,127.6454153
34565,134.0454382
34566,110.782671
34567,71.83510924
34568,29.51089211
34569,22.20849151
34570,9.938704691
34571,10.96051177
34572,12.75579163
34573,11.25807314
34574,16.18429025
34575,13.88661075
34576,12.99018908
34577,12.60672856
34578,9.457085917
34579,11.22934372
34580,11.23381279
34581,11.14571842
34582,10.94545657
34583,13.73912306
34584,13.93773118
34585,15.37850056
34586,14.51933537
34587,12.4070352
34589,10.66355818
34590,9.801269461
34591,12.88687895
34592,13.70158619
34593,12.72327786
34594,8.959299185
34595,7.165600846
34596,10.63279158
34597,6.420097887
34598,13.57857239
34599,15.03714548
34600,14.37759607
34601,11.02804772
34602,10.7722488
34603,17.88193507
34604,11.95262854
34605,10.45205976
34606,12.20534465
34607,12.55921592
34608,12.21506944
34609,11.78255231
34610,11.46362182
34611,12.39747616
34612,10.62686844
34613,11.83455619
34614,9.16871244
34615,8.800270637
34616,10.43592028
34617,10.2939369
34618,12.81826981
34619,8.435100252
34620,8.468296061
34621,8.413775358
34622,13.58829468
34623,14.25401843
34624,15.22190222
34625,14.0323275
34626,12.15749958
34627,13.27258809
34628,14.17131217
34629,13.94753955
34630,12.97167829
34631,15.63996897
34632,18.8481822
34633,13.27119299
34634,14.06797653
34635,15.56081703
34636,19.89733195
34637,16.86048009
34638,25.70441698
34639,18.1207931
34640,18.67605257
34641,34.85362091
34642,34.42120772
34643,30.46401895
34644,25.45532585
34645,16.06334273
34646,13.80856575
34647,11.94972668
34648,14.12149527
34649,14.99506137
34650,32.70460884
34651,47.63096823
34652,41.43352336
34653,96.38051272
34654,142.5332461
34655,215.9423204
34656,248.6718669
34657,286.0056348
34658,226.685691
34659,113.6327556
34660,95.42765684
34661,50.05708182
34662,33.55965814
34663,32.01035092
34664,56.50457052
34665,80.21970725
34666,104.3438861
34667,154.9933036
34668,167.1675429
34669,152.8190461
34670,144.0837191
34671,114.2247344
34672,122.3807248
34673,120.1737957
34674,111.2824841
34675,138.9937985
34676,130.3845908
34677,127.8302769
34678,142.9231701
34679,126.0167741
34680,181.8846957
34681,205.3080875
34682,247.7087823
34683,250.2648159
34684,234.5388535
34685,189.7336153
34686,148.9390974
34687,145.3416738
34688,127.2567088
34689,90.15244902
34690,70.79820862
34691,67.30994751
34692,46.41039115
34693,26.16192464
34694,17.65579045
34695,16.05324817
34696,17.16126261
34697,18.04323964
34698,24.73620469
34699,27.03580622
34700,43.9706437
34701,114.7305441
34702,128.0472494
34703,191.2855951
34704,181.4413872
34705,136.0161499
34706,147.7313902
34707,156.0139611
34708,112.6967205
34709,148.3535728
34710,154.4360714
34711,154.7711002
34712,158.0707443
34713,176.6184434
34714,157.6249405
34715,155.623856
34716,176.4441202
34717,140.6726453
34718,222.8728069
34719,232.3558973
34720,227.306565
34721,174.1159324
34722,205.8314527
34723,211.8738584
34724,212.8636419
34725,221.5445523
34726,238.483785
34727,256.853399
34728,265.4488972
34729,286.2001661
34730,272.0385036
34731,261.3491689
34732,248.7731564
34733,241.7998577
34734,237.804299
34735,242.8906763
34736,232.642331
34737,230.2330835
34738,244.2564088
34739,255.4726574
34740,261.1490157
34741,267.5303293
34742,245.5277816
34743,95.22402567
34744,58.39926832
34745,89.9305618
34746,208.6596655
34747,271.8913711
34748,274.982011
34749,281.0422797
34750,248.8778659
34751,251.5250211
34752,259.7475656
34753,295.3593279
34754,298.6972017
34755,293.0759053
34756,287.3574954
34757,288.9246257
34758,277.3780989
34759,277.7126986
34760,242.6862741
34761,200.3323348
34762,175.2331862
34763,67.93777573
34764,40.56151508
34765,30.53182772
34766,24.0774538
34767,14.41418323
34768,13.07664357
34769,13.04430235
34770,14.42680332
34771,14.13847013
34772,15.99022142
34773,15.8268766
34774,15.1331098
34775,12.83295097
34776,10.82346963
34777,13.66826325
34778,12.09391564
34779,9.898338593
34780,10.69700242
34781,13.2799873
34782,14.01019807
34783,14.3807493
34784,13.33813008
34785,13.34223768
34786,11.57891373
34787,11.46452936
34788,11.67410592
34789,9.679769719
34790,9.090683045
34791,10.66575598
34792,13.48817607
34793,15.72939837
34794,26.62103754
34795,47.55292624
34796,66.49149287
34797,65.81660657
34798,64.43633052
34799,55.98150006
34800,55.16515129
34801,57.30411813
34802,62.95781001
34803,80.59107855
34804,100.7068677
34805,112.2703866
34806,112.0771443
34807,100.9264851
34808,85.71336234
34809,88.21024482
34810,88.80295892
34811,71.51744856
34812,79.43683342
34813,83.38903344
34814,78.9720244
34815,76.16978499
34816,77.68325526
34817,85.48347591
34818,77.47411564
34819,68.65231388
34820,75.1260093
34821,81.3567462
34822,92.17973369
34823,87.42072803
34824,98.07959569
34825,88.69096674
34826,119.2801785
34827,126.1087531
34828,139.2027241
34829,139.9113507
34830,143.2489074
34831,144.6728068
34832,144.9141191
34833,154.4024363
34834,137.5881235
34835,143.9855679
34836,159.969611
34837,186.2090628
34838,169.9793934
34839,125.5157444
34840,78.18682747
34841,24.39315927
34842,20.42707779
34843,10.37370265
34844,13.60015032
34845,19.46833155
34846,16.47524824
34847,16.2497349
34848,10.58918068
34849,4.670492297
34850,6.273606683
34851,5.311016036
34852,5.974141408
34853,5.496031998
34854,4.657582425
34855,3.772997699
34856,4.600547879
34857,4.982426048
34858,6.111697598
34859,6.334627267
34860,9.178723167
34862,8.838628407
34863,10.43015152
34866,7.062837988
34868,18.0353883
34869,22.94084063
34870,23.59883623
34871,29.94262498
34872,25.02750847
34875,24.78368055
34876,22.29404832
34879,61.91976524
34882,64.37908105
34883,116.7168192
34885,81.65218927
34887,37.53805576
34888,44.60718597
34889,34.44072102
34890,28.17337548
34891,28.51302669
34892,31.86012896
34893,49.4584702
34894,43.4648928
34895,63.79829732
34896,45.99908759
34897,54.60283227
34898,48.04823535
34899,50.66903561
34900,80.54037704
34901,81.45637592
34902,84.15251852
34903,83.13427576
34904,88.60486354
34905,93.03805593
34906,98.11725874
34907,102.9374071
34908,119.8739005
34909,130.744372
34910,123.6894037
34911,138.0567526
34912,131.90892
34913,100.0996846
34914,33.44387553
34915,13.42786086
34916,11.53663674
34917,15.84152567
34918,18.32301245
34919,18.22506237
34920,13.31957712
34921,14.41782181
34922,12.67607081
34923,11.36954105
34924,11.64265234
34925,12.21593624
34926,11.83253434
34927,13.55033073
34928,14.75621252
34929,19.76167331
34930,13.27656989
34931,16.85385362
34932,15.46046138
34933,12.34301989
34934,12.33014492
34935,8.38183477
34936,23.90567291
34937,28.07611505
34938,20.93956125
34939,12.46213366
34940,16.69944196
34941,29.36190027
34942,36.16855976
34943,42.11535263
34944,43.48215996
34945,39.41281385
34946,32.2955541
34947,41.1355264
34948,45.43326319
34949,31.53026931
34950,34.25839823
34951,26.54840762
34952,26.16205411
34953,31.06349559
34954,28.84153493
34955,28.53363495
34956,19.66616672
34957,17.44876526
34958,16.13783571
34959,15.69030027
34960,19.1715492
34961,13.73042046
34962,12.34653705
34963,14.14685137
34964,14.18533084
34965,15.05229
34966,19.58796278
34967,23.95914943
34968,22.59626677
34969,18.26682072
34970,15.42249542
34971,15.27207862
34972,12.98546967
34973,13.39654633
34974,12.38879151
34975,15.36243291
34976,17.24371263
34977,17.40304837
34978,19.09550136
34979,18.480505
34980,14.68697249
34981,11.81421225
34982,11.89346844
34983,12.69822592
34984,13.48376503
34985,14.00810219
34986,13.64121031
34987,13.42766842
34988,17.32326104
34989,18.76182781
34990,23.50135779
34991,23.64967829
34992,19.87632108
34993,19.33248102
34994,19.41299299
34995,18.23420777
34996,24.40762223
34997,28.48483121
34998,31.94215743
34999,33.79434189
35000,45.4425907
35001,43.38100919
35002,27.38490712
35003,27.47251292
35004,27.08235522
35005,20.45188045
35006,19.04203774
35007,20.43908369
35008,25.7143442
35009,27.49411118
35010,28.07650179
35011,24.27037041
35012,29.718271
35013,32.89406249
35014,38.91240705
35015,49.27397016
35016,49.73793025
35017,42.48882043
35018,66.38714038
35019,84.32977431
35020,97.9307268
35021,107.5832225
35022,84.22162978
35023,78.97816655
35024,65.49106533
35025,45.78943099
35026,51.84558312
35027,96.40907261
35028,65.24738434
35031,113.2857465
35032,92.2113525
35033,43.39397254
35034,54.18712844
35035,40.01508025
35036,31.82505291
35037,48.60480244
35038,53.73608047
35039,70.29988901
35040,90.87366793
35041,51.12689866
35042,16.55659513
35043,12.92267106
35044,10.94977248
35045,13.58002199
35046,14.13800265
35047,9.264771387
35048,12.29738246
35049,16.00106254
35050,12.74907315
35051,9.686157316
35052,7.631567112
35053,9.941678207
35054,9.003607835
35055,7.997602322
35056,12.34918726
35057,11.42625411
35058,14.36126053
35059,11.47354006
35060,13.80476999
35061,19.5558495
35062,24.00851799
35063,28.29463281
35064,19.9966436
33649,104.3374527
33650,144.3279958
33651,233.649845
33652,308.0228388
33653,311.3641354
33654,332.8330508
33655,401.0552583
33656,387.0719471
33657,401.2854327
33658,417.7227143
33659,443.6661649
33660,477.9076734
33661,520.0652001
33662,492.4390105
33663,296.1137346
33664,249.6945196
33665,245.6708117
33666,340.143211
33667,369.7354899
33668,371.9505013
33669,398.5574866
33670,442.0133265
33671,441.5198913
33672,429.8571373
33673,454.646824
33674,431.6923952
33675,142.2527499
33676,163.1043826
33677,102.9017595
33678,33.57295385
33679,19.35804178
33680,10.06548385
33681,11.66596385
33682,11.35221651
33683,12.96101097
33684,14.12165594
33685,12.20495969
33686,19.8421536
33687,22.0158149
33688,81.46557681
33689,140.0493024
33690,163.7936832
33691,165.1554134
33692,145.8785924
33693,147.5787017
33694,152.2663565
33695,147.7495243
33696,171.3844093
33697,149.1969371
33698,211.0369469
33699,180.3830914
33700,148.3721609
33701,111.571839
33702,114.6361144
33703,114.878458
33704,112.2244037
33705,134.913723
33706,140.847325
33707,235.2449594
33708,202.4552782
33709,199.6455917
33710,211.7159739
33711,191.4836651
33712,179.6808266
33713,174.4116303
33714,160.6242929
33715,154.0513346
33716,156.6263055
33717,176.3828436
33718,273.6898361
33719,326.3210111
33720,231.9245557
33721,184.6504651
33722,344.2211108
33723,294.9224329
33724,257.9906948
33725,212.461305
33726,201.8861532
33727,193.5397803
33728,176.1070795
33729,137.2405278
33730,143.6881355
33731,118.731031
33732,158.8654672
33733,123.3104436
33734,98.22957588
33735,122.3271862
33736,156.9439613
33737,166.2073221
33738,182.2589042
33739,209.4243791
33740,221.8218268
33741,210.4983202
33742,211.1819688
33743,259.5088567
33744,321.1684416
33745,364.9755506
33746,368.4219493
33747,370.4645815
33748,401.4905393
33749,420.1195066
33750,381.9222003
33751,290.6431324
33752,259.2705781
33753,201.52633
33754,235.8029226
33755,253.8670504
33756,259.9598378
33757,265.679589
33758,247.8573439
33759,235.4194053
33760,167.9691641
33761,122.8319833
33762,203.6558013
33763,224.1913725
33764,141.3682555
33765,227.2977364
33766,222.5477886
33767,198.6012985
33768,201.6386382
33769,217.5474424
33770,228.4566482
33771,145.8831406
33772,116.2454606
33773,130.4760859
33774,115.268856
33775,121.0814865
33776,125.8720425
33777,128.433407
33778,152.230654
33779,238.4529376
33780,191.831206
33781,225.6918016
33782,73.76854347
33783,67.2929001
33784,60.53688499
33785,154.3598444
33786,97.7079331
33787,184.8127623
33788,188.0182497
33789,196.045556
33790,199.9696784
33791,146.9181801
33792,172.6615385
33793,165.0608877
33794,163.2260966
33795,176.9758999
33796,125.7247801
33797,198.7269243
33798,206.6444234
33799,196.0021252
33800,210.6834842
33801,218.7377111
33802,220.1181669
33803,267.241372
33804,278.797263
33805,262.5591706
33806,246.5969967
33807,190.7945398
33808,170.0849679
33809,156.8239036
33810,160.5499879
33811,118.6403232
33812,117.2973115
33813,147.2848109
33814,121.7795707
33815,53.87487233
33816,30.03478341
33817,26.27786053
33818,22.56350501
33819,19.29683214
33820,20.62178168
33821,21.2718151
33822,17.77248882
33823,17.94204974
33824,21.70502604
33825,23.1440854
33826,21.4539181
33827,23.54094889
33828,22.2320757
33829,22.31162097
33830,23.04397106
33831,20.18146294
33832,21.45868915
33833,21.36897342
33834,21.01130619
33835,23.61308853
33836,25.34947757
33837,19.1694265
33838,14.69642825
33839,15.4576558
33840,14.90921315
33841,18.06597917
33842,13.80765723
33843,14.07086935
33844,12.10612813
33845,12.45000577
33846,10.9004157
33847,12.01786712
33848,11.49493994
33849,13.93447409
33850,16.73626376
33851,12.48786803
33852,12.40208182
33853,10.75857736
33854,12.45624036
33855,16.8029327
33856,17.84399469
33857,28.77515096
33858,39.79495816
33859,34.12991682
33860,59.39435787
33861,68.75589141
33862,70.9987637
33863,74.65040463
33864,72.72161683
33865,58.91252852
33866,28.0095348
33867,17.3417983
33868,17.98870429
33869,17.37268776
33870,16.50484776
33871,17.65768965
33872,12.45963133
33873,16.84814645
33874,27.45381753
33875,19.60878291
33876,13.3806663
33877,14.57477645
33878,14.59968146
33879,18.16397457
33880,19.94516798
33881,20.37547696
33882,8.14505675
33883,18.01905825
33884,20.63151032
33885,14.48016607
33886,15.8788277
33887,13.97332682
33888,18.83200796
33889,19.48228609
33890,18.93329843
33891,14.60023277
33892,13.0214075
33893,12.72610357
33894,17.44727522
33895,22.81251187
33896,16.55217108
33897,43.5754425
33898,60.41093156
33899,86.23493357
33900,118.245318
33901,85.50693785
33902,51.73512838
33903,31.92762492
33904,31.99183087
33905,28.64563928
33906,36.5446976
33907,56.2408019
33908,54.12919964
33909,45.51244931
33910,53.06048206
33911,26.68293819
33912,21.06178155
33913,21.4753805
33914,26.18674948
33915,27.84597037
33916,22.72497913
33917,23.37356667
33918,24.28682594
33919,25.07405261
33920,31.99870647
33921,35.98348857
33922,37.07980275
33923,29.20580538
33924,21.66667381
33925,17.81252679
33926,17.29895617
33927,17.7435466
33928,24.73994247
33929,40.23228081
33930,44.91524691
33931,68.0552143
33932,54.7261191
33933,36.832518
33934,13.80961741
33935,12.78611381
33936,12.29719458
33937,12.72241074
33938,19.08135575
33939,10.02811841
33940,9.617489836
33941,8.264822802
33942,9.882875812
33943,15.92090346
33944,21.70427729
33945,21.68998425
33946,21.1439586
33947,16.61481577
33948,19.45177477
33949,19.78187938
33950,24.4615129
33951,20.57514911
33952,22.03284209
33953,22.39048527
33954,30.04989479
33955,37.85577267
33956,41.86062326
33957,35.77475731
33958,31.39486452
33959,28.31721917
33960,23.35314402
33961,22.3391409
33962,24.14711057
33963,21.45033132
33964,20.37060045
33965,18.16421463
33966,19.98072085
33967,16.16874998
33968,17.75858739
33969,23.87828651
33970,23.05334706
33971,25.93885923
33972,22.46313528
33973,16.7028699
33974,23.10502273
33975,19.10078467
33976,17.8680374
33977,22.14629807
33978,18.37928573
33979,27.72442727
33980,57.38082026
33981,69.19401275
33982,66.20700019
33983,87.18790471
33984,76.65699096
33985,89.33084892
33986,92.29990008
33987,75.51848072
33988,69.43496411
33989,46.60485108
33990,47.7196507
33991,57.18459412
33992,62.78415469
33993,69.91280714
33994,75.87468507
33995,80.70908795
33996,80.90733778
33997,80.48282663
33998,74.42563134
33999,75.23681404
34000,78.32255998
34001,80.15439833
34002,77.3851972
34003,88.80741253
34004,85.28971527
34005,97.54599474
34006,81.87089441
34007,83.92531902
34008,83.23892316
34009,90.50821565
34010,104.2195341
34011,121.8462132
34012,103.3313792
34013,103.6122927
34014,94.898637
34015,96.1135976
34016,80.1931124
34017,81.45010894
34018,82.88055755
34019,81.02860827
34020,80.08224677
34021,88.85890636
34022,90.77034351
34023,88.72803446
34024,109.5520641
34025,114.5317197
34026,113.5614738
34027,108.2779507
34028,106.1764576
34029,98.88315295
34030,110.6305778
34031,113.1331014
34032,130.1640165
34033,121.7105605
34034,144.2906262
34035,135.6574372
34036,120.8007501
34037,88.4873082
34038,130.4728524
34039,125.7932596
34040,146.0963033
34041,147.951133
34042,147.4990718
34043,154.6192339
34044,149.915806
34045,107.4657877
34046,116.7897335
34047,116.5280781
34048,49.33836009
34049,93.91214414
34050,56.44874059
34051,118.0834057
34052,137.4295253
34053,151.5211871
34054,74.54491133
34055,18.88815206
34056,16.39140507
34057,13.80488497
34058,13.43363157
34059,15.46471007
34060,13.8096653
34061,20.6135976
34062,12.25575569
34063,19.0419867
34064,19.80864063
34065,24.71937644
34066,28.97677984
34067,57.27683116
34068,45.84383526
34069,31.61004964
34070,19.35908579
34071,15.73719233
34072,18.77123041
34073,21.48733983
34074,20.37715773
34075,18.74426865
34076,34.48132701
34077,60.01500602
34078,35.55096444
34079,57.82479038
34080,58.27032306
34081,64.81834541
34082,68.63456475
34083,48.02760905
34084,58.78975822
34085,60.07978851
34086,91.39266206
34087,95.46440109
34088,80.36200767
34089,64.006626
34090,59.3136113
34091,51.88621051
34092,38.12349336
34093,31.42711787
34094,24.12878346
34095,20.28959389
34096,21.49860842
34097,20.22958456
34098,20.24635421
34099,15.85642438
34100,14.05148602
34101,12.30060998
34102,10.43478156
34103,10.17737495
34104,8.564573832
34105,11.34423225
34106,10.6978622
34107,10.30888026
34108,10.47779014
34109,8.325085049
34110,10.51535797
34111,12.34026561
34112,12.14998915
34113,12.56244137
34114,16.19553835
34115,16.51554834
34116,13.61321903
34117,9.904033672
34118,8.819625956
34119,6.251883575
34120,7.714128892
34121,15.101263
34122,30.55807285
34123,41.4602254
34124,47.49095555
34125,43.6105261
34126,52.2919424
34127,50.35245374
34128,46.33930483
34129,74.01537773
34130,60.22863686
34131,29.20597495
34132,45.0905126
34133,26.02864269
34134,47.1281771
34135,53.26075436
34136,20.60489191
34137,15.83579842
34138,16.60608838
34139,16.4739807
34140,19.72190433
34141,15.81957269
34142,12.04582713
34143,10.24074807
34144,9.600826403
34145,11.49982726
34146,11.21869113
34147,11.07784095
34148,10.83271365
34149,12.18279184
34150,14.18966192
34151,17.76920114
34152,15.30776307
34153,12.96112893
34154,11.88997431
34155,9.747998952
34156,7.634903159
34157,8.315883756
34158,7.513513582
34159,7.543971125
34160,8.839204438
34161,10.67501724
34162,12.48551354
34163,10.79838229
34164,10.13892726
34165,13.27876462
34166,11.73947702
34167,13.3960351
34168,16.23051161
34169,21.5655227
34170,28.22999862
34171,32.09751304
34172,36.03865014
34173,28.88956214
34174,41.9848622
34175,52.28242757
34176,48.61236449
34177,30.78597821
34178,30.88896156
34179,30.24060866
34180,13.58072663
34181,23.6255146
34182,26.31493338
34183,24.34795534
34184,27.8285439
34185,28.57254335
34186,26.41546847
34187,63.98889541
34188,76.0932743
34189,58.33072734
34190,42.35885322
34191,25.69993584
34192,18.96418628
34193,18.21576343
34194,8.528225096
34195,13.76892933
34196,9.094540276
34197,40.36137349
34198,36.10404181
34199,36.50658739
34200,38.67789423
34201,21.39422468
34202,37.54881748
34203,35.60290512
34204,30.71860473
34205,30.44675103
34206,27.80947595
34207,30.46029523
34208,37.07003167
34209,52.05748661
34210,108.6409966
34211,90.35774543
34212,100.4118255
34213,85.46585958
34214,77.13687263
34215,61.86868464
34216,71.31935625
34217,72.55046903
34218,65.74491126
34219,62.43678258
34220,80.64911289
34221,100.8825088
34222,97.59743349
34223,97.94706186
34224,110.5294695
34225,115.1291638
34226,144.2722985
34227,136.8742633
34228,70.04990065
34229,81.19898989
34230,102.0670213
34231,111.8892045
34232,117.474128
34233,121.972751
34234,155.1840082
34235,146.8834561
34236,165.7555249
34237,158.3237335
34238,139.5509472
34240,144.3047867
34241,143.3625045
34242,140.9499813
34243,150.0385352
34244,157.4716021
34245,184.4990861
34246,193.4391141
34247,183.4111135
34248,174.3783126
34249,201.4899197
34250,231.5169085
34251,242.7403235
34252,225.1649139
34253,200.1780518
34254,201.0752674
34255,194.9108047
34256,217.0432013
34257,216.4770078
34258,236.2538819
34259,244.8704372
34260,294.5653599
34261,312.0028725
34262,148.3771373
34263,32.93229623
34264,28.47780415
34265,25.42644285
34266,13.72539415
34267,13.5352427
34268,14.08681048
34269,10.14110482
34270,10.87256059
34271,12.41320242
34272,10.42275947
34273,11.89688943
34274,18.9865942
34275,12.02473087
34276,9.297119028
34277,11.10126749
34278,10.17521614
34279,12.3879912
34280,14.17645421
34281,17.53647228
34282,20.0204642
34283,26.8402755
34284,26.52766764
34285,24.49421583
34286,23.86326317
34287,29.09064643
34288,34.94810164
34289,38.81303357
34290,47.27980511
34291,60.81574492
34292,72.18939973
34293,112.5369049
34294,124.4018676
34295,128.2765304
34296,141.4618568
34297,198.3893415
34298,371.3298361
34299,447.9110939
34300,417.6280488
34301,321.2112913
34302,308.1404047
34303,264.433497
34304,206.261304
34305,318.1786777
34306,328.6051623
34307,301.0348782
34308,249.0766667
34309,216.4867296
34310,183.914273
34311,163.7744654
34312,177.0091824
34313,192.0018914
34314,200.1633364
34315,208.078493
34316,221.9607883
34317,228.5296699
34318,224.0750362
34319,223.0094971
34320,209.8231819
34321,160.725727
34322,47.76787613
34323,15.69728551
34324,10.65574687
34325,12.22108416
34326,14.60358412
34327,20.4235764
34328,12.86534244
34329,19.94528018
34330,26.52637136
34331,23.19526219
34332,31.94910328
34333,19.37555847
34334,10.37779036
34335,11.23489315
34336,12.06895056
34337,15.39148768
34338,13.09281651
34339,9.949590175
34340,8.662734191
34341,9.289383491
34342,7.087015982
34343,11.54009245
34344,14.85740038
34345,13.58046822
34346,13.86145486
34347,12.72924828
34348,9.658671998
34349,11.24043936
34350,9.811242186
34351,8.829925492
34352,10.32778153
34353,11.6122838
34354,9.808414348
34355,11.52149011
34356,7.794079394
34357,8.008827094
34358,8.910326089
34359,11.3042499
34360,10.43548098
34361,11.13569993
34362,10.9229313
34363,38.59125092
34364,29.15558864
34365,58.91839139
34366,60.8934993
34367,60.15046595
34368,50.44331521
34369,42.13791635
34370,46.28086383
34371,29.95070474
34372,23.97858894
34373,14.09675667
34374,25.96073679
34375,26.2744913
34376,44.51221426
34377,68.5470332
34378,47.68412079
34379,72.8767721
34380,60.41006055
34381,60.09837571
34382,52.60652671
34383,38.7753576
34384,25.09805476
34385,27.27525465
34386,25.96220033
34387,24.57733934
34388,10.80170572
34389,15.85138706
34390,14.2610686
34391,9.447721128
34392,9.087321313
34393,16.11963005
34394,18.42026209
34395,18.35839753
34396,18.42417936
34397,18.219741
34398,17.04012505
34399,18.53876469
34400,15.97520641
34401,19.6568024
34402,11.84927102
34403,11.30984494
34404,9.116165402
34405,11.83222173
34406,15.72117943
34407,11.78601854
34408,17.78745583
34409,14.75319557
34410,18.5791603
34411,27.39070387
34412,68.82878396
34413,97.04845902
34414,81.851616
34415,58.08644171
34416,51.08835705
34417,39.80595027
34418,34.69832641
34419,29.17155714
34420,21.35544015
34421,18.95383382
34422,51.33252355
34423,88.56392079
34424,90.26248933
34425,107.9546355
34426,92.0674988
34427,86.88023347
34428,93.09158087
34429,89.06494059
34430,63.84403461
34431,60.33054489
34432,59.16382867
34433,55.69761717
34434,54.1481655
34435,64.14359984
34436,77.52870538
34437,90.11845025
34438,78.44825937
34439,70.72691249
34440,70.22335966
34441,71.17165637
34442,71.46961544
34443,71.63813204
34444,68.47945356
34445,71.11262816
34446,64.49386892
34447,62.9486655
34448,68.47258692
34449,69.66863039
34450,81.13621623
34451,176.0580758
34452,156.2925495
34453,120.6108511
34454,120.1618253
34455,119.9619029
34456,97.3696367
34457,97.81236511
34458,100.0927792
34459,104.9777244
34460,120.7999249
34461,134.0634405
34462,125.521774
34463,145.8044411
34464,155.1483853
34465,178.5233655
34466,179.8720073
34467,179.7136439
34468,186.9154007
34469,162.1496265
34470,175.6877485
34471,183.8176831
34472,181.9416256
34473,204.4494258
34474,212.8746629
34475,184.846075
34476,253.1428714
34477,258.3041102
34478,235.7672712
34479,141.3570223
34480,137.2403771
34481,43.43678295
34482,35.32647241
34483,24.10912981
34484,17.91952633
34485,12.17576042
34486,11.91577574
34487,11.32246113
34488,20.68593284
34489,23.39598399
34490,19.87558849
34491,19.26310356
34492,24.90366998
34493,26.17701557
34494,24.83069834
34495,21.00678119
34496,17.56978464
34497,17.18989874
34498,15.64688555
34499,15.19138781
34500,14.86152584
34501,15.01936588
34502,12.78344987
34503,15.68133459
34504,17.66076349
34505,14.2225063
34506,10.46382258
34507,11.84328816
34508,12.5727923
34509,12.90187306
34510,11.97013992
34511,11.01133616
34512,12.24961577
34513,13.4558904
34514,18.59755301
34515,10.60361143
34516,10.19506319
34517,13.44027071
34518,23.96849764
34519,34.92395774
34520,42.1552423
34521,69.49358121
34522,56.88626214
34523,63.41680958
34524,49.95466564
34525,30.42054424
34526,17.08650135
34527,16.22157678
34528,13.80174975
34529,11.41371075
34530,11.45287407
34531,10.13600778
34532,18.51326245
34533,31.1629977
34534,34.36124607
34535,37.87411404
34536,48.69684632
34537,48.66103764
34538,39.07428767
34539,34.56301086
34540,36.06706518
34541,49.97969845
34542,51.39418674
34543,46.63226989
34544,70.27348171
34545,59.83721143
34546,70.22115415
34547,70.35940624
34548,87.48828364
34549,94.76263626
34550,105.0228072
34551,102.1168189
34552,100.9347474
34553,88.31571931
34554,89.54111458
34555,106.9361921
34556,133.9127398
34557,147.22351
34558,119.6704336
34559,113.4815517
34560,116.0063958
34561,116.9789063
34562,120.9414554
34563,98.75942047
34564,88.51517342
34565,48.99231016
34566,37.26784476
34567,18.85131869
34568,15.4995344
34569,12.00718061
34570,10.23814272
34571,12.80049141
34572,16.13125978
34573,19.5324131
34574,17.34881096
34575,12.50939062
34576,12.39983756
34577,11.73466441
34578,12.32222267
34579,10.25041807
34580,12.36284744
34581,12.66032731
34582,14.46262525
34583,12.76399612
34584,14.21434826
34585,21.25925355
34586,17.9553005
34587,14.96646169
34589,17.33706155
34590,12.46282073
34591,14.19197238
34592,15.82973505
34593,16.41999242
34594,16.40453182
34595,13.43287084
34596,14.50088393
34597,15.82925253
34598,20.14648233
34599,15.34442649
34600,11.17730534
34601,12.00596698
34602,11.78450787
34603,10.99242192
34604,11.95521187
34605,13.49837375
34606,14.72776832
34607,17.5067625
34608,16.61525116
34609,17.25959567
34610,26.39225904
34611,11.80205551
34612,13.59638227
34613,13.90304175
34614,12.78399285
34615,14.43591033
34616,37.78057502
34617,22.07091451
34618,17.44582465
34619,15.29653945
34620,11.99266833
34621,13.69549839
34622,13.07417477
34623,15.4450424
34624,15.23330259
34625,14.85162583
34626,12.71452958
34627,10.96013139
34628,14.54180462
34629,14.63013091
34630,12.08800973
34631,14.79672532
34632,12.52997957
34633,17.53167603
34634,15.41334149
34635,13.29377834
34636,12.76315661
34637,12.14719575
34638,10.21329856
34639,12.96032112
34640,16.95327285
34641,19.98259903
34642,20.06967739
34643,16.29170179
34644,14.70364663
34645,13.88591334
34646,11.93082959
34647,16.36087278
34648,15.15469742
34649,12.4896395
34650,17.77138025
34651,24.10232388
34652,33.57087346
34653,43.69039157
34654,163.936247
34655,89.49411183
34656,113.4128838
34657,47.96384133
34658,46.20582292
34659,19.96818281
34660,28.98871789
34661,36.10084687
34662,37.9229396
34663,45.20568976
34664,60.72138884
34665,70.40808419
34666,120.627029
34667,148.5493453
34668,125.8664047
34669,118.7540662
34670,91.16768748
34671,61.35381877
34672,65.17450905
34673,70.20273436
34674,81.61710398
34675,83.6093744
34676,101.2899833
34677,115.9003465
34678,82.47529099
34679,89.04799111
34680,160.4901972
34681,138.8430957
34682,95.3504724
34683,79.51993574
34684,106.830316
34685,80.2703551
34686,68.36109764
34687,76.70350602
34688,57.51678923
34689,37.93836584
34690,29.46402761
34691,31.82724674
34692,29.68362536
34693,25.61290413
34694,19.9912356
34695,16.10059015
34696,16.16403364
34697,16.98220954
34698,21.21732464
34699,30.13522838
34700,38.0139648
34701,51.23837392
34702,71.21785349
34703,84.51772406
34704,114.8534649
34705,148.1888608
34706,177.0999591
34707,162.9977317
34708,76.73583563
34709,112.6922353
34710,95.93716381
34711,128.5684314
34712,131.5338916
34713,140.7806324
34714,133.9663807
34715,198.9211288
34716,178.1902855
34717,159.2244297
34718,180.5052234
34719,188.0056625
34720,100.615693
34721,162.0965471
34722,204.5883213
34723,211.4844018
34724,220.6613102
34725,243.2451551
34726,228.3081275
34727,228.5989218
34728,247.2494198
34729,249.9240719
34730,228.58541
34731,235.7747988
34732,226.3243258
34733,210.3433312
34734,223.1587624
34735,229.8492351
34736,246.4973073
34737,252.3202454
34738,255.2729194
34739,251.434102
34740,253.9369256
34741,235.7950578
34742,212.0334131
34743,153.3782465
34744,155.5302154
34745,210.5568983
34746,220.4966169
34747,213.9421821
34748,225.2876968
34749,244.3437403
34750,245.623442
34751,244.9291549
34752,290.7011047
34753,274.6609356
34754,256.17271
34755,269.0940737
34756,259.3517879
34757,244.419761
34758,246.2482394
34759,246.3672257
34760,167.2109846
34761,67.82728241
34762,45.4340435
34763,28.75974865
34764,19.2611235
34765,18.8282696
34766,13.09285693
34767,13.64962577
34768,12.52859681
34769,10.48540566
34770,13.75697978
34771,14.63527491
34772,11.5745811
34773,11.53765523
34774,10.81348056
34775,9.543487488
34776,9.660890809
34777,9.87330391
34778,10.75328744
34779,11.46218592
34780,12.48653948
34781,17.60940521
34782,16.5981673
34783,15.01135928
34784,18.80107303
34785,21.79510668
34786,18.04752677
34787,19.52864748
34788,16.17648006
34789,12.47737439
34790,12.27292267
34791,13.9786915
34792,14.36865431
34793,22.93163467
34794,25.22048314
34795,46.40715793
34796,66.07684212
34797,76.63541053
34798,74.68643316
34799,60.15835597
34800,52.67406772
34801,47.09867693
34802,46.41451074
34803,47.79136698
34804,46.20678637
34805,34.88025227
34806,49.94443545
34807,53.63026872
34808,57.30198111
34809,65.55718397
34810,61.80343275
34811,121.0962216
34812,87.7073846
34813,80.46874695
34814,67.04921641
34815,67.75327581
34816,73.24573299
34817,88.8818828
34818,94.46156447
34819,100.8015688
34820,98.18606133
34821,105.7041514
34822,90.62236199
34823,86.22206733
34824,83.47178717
34825,96.24495993
34826,100.8474666
34827,95.34410277
34828,92.24667211
34829,136.2661401
34830,142.3787121
34831,182.7028654
34832,145.3307743
34833,126.8150685
34834,189.504799
34835,182.2365865
34836,175.6490188
34837,203.543801
34838,177.8227725
34839,111.8303326
34840,35.15596396
34841,31.99699022
34842,19.24990291
34843,20.90276794
34844,23.10655879
34845,17.02540748
34846,13.98754881
34847,11.47566797
34848,8.446172565
34849,7.542595545
34850,6.670406769
34851,5.120112745
34852,4.73606709
34853,3.188348071
34854,4.558903066
34855,5.659315333
34856,7.216242532
34857,11.47492219
34858,8.031172865
34859,8.53367121
34860,12.02205836
34861,11.788048
34862,14.07148048
34863,14.19911364
34866,12.07766201
34868,21.42252074
34869,23.01957734
34870,20.68287069
34871,18.90581673
34872,20.43364902
34875,28.45273343
34876,71.64096132
34879,42.27780438
34882,80.04293803
34883,86.55368273
34885,108.8363177
34887,107.9479303
34889,56.29031742
34890,75.41575947
34891,74.24817327
34892,64.98721173
34893,59.90204191
34894,61.13533866
34895,74.48832351
34896,59.34941442
34897,64.13713328
34898,71.98347375
34899,69.71842884
34900,88.64762192
34901,79.19702136
34902,88.9167627
34903,103.373284
34904,103.3043046
34905,107.9473418
34906,118.8235172
34907,124.5172854
34908,101.6983465
34909,137.3285463
34910,130.6345867
34911,122.8120984
34912,100.1901922
34913,34.92180277
34914,17.91189185
34915,14.61169964
34916,11.61266211
34917,11.78937348
34918,10.80518199
34919,12.61102293
34920,16.0405048
34921,14.24956395
34922,12.75488327
34923,11.73784804
34924,11.6282113
34925,12.83092886
34926,15.8692523
34927,17.13127314
34928,18.50518904
34929,18.64990374
34930,15.92648293
34931,13.09943645
34932,13.5850932
34933,10.85050293
34934,11.18066305
34935,9.926436664
34936,10.10094479
34937,10.07381513
34938,13.53036127
34939,20.65134016
34940,43.1193626
34941,67.19345034
34942,33.8058019
34943,24.01856111
34944,27.05668267
34945,25.70886404
34946,20.71038703
34947,16.62908494
34948,13.43466533
34949,11.04639962
34950,12.31747384
34951,16.39109
34952,19.70521591
34953,23.75178912
34954,21.90408171
34955,23.79966159
34956,14.13626756
34957,13.39161178
34958,12.1000317
34959,13.30724865
34960,17.76175092
34961,13.08084167
34962,16.88337315
34963,23.07887015
34964,20.94885606
34965,14.03449468
34966,16.61404942
34967,14.57445604
34968,27.29302387
34969,33.29619872
34970,23.99471885
34971,17.61922358
34972,19.47600592
34973,18.06666996
34974,17.53317901
34975,18.30439114
34976,33.79685786
34977,16.95650683
34978,21.84140622
34979,19.14216396
34980,14.66081181
34981,12.42861852
34982,13.5414668
34983,12.99551167
34984,13.91920998
34985,14.95909137
34986,10.42879588
34987,13.39036697
34988,13.92936869
34989,13.5953496
34990,13.6611585
34991,14.66056913
34992,13.04894493
34993,39.27368777
34994,37.71194244
34995,17.35417826
34996,20.48672589
34997,12.491388
34998,13.43108756
34999,18.9885616
35000,37.70677479
35001,44.44210295
35002,36.02014747
35003,85.91816269
35004,67.04090277
35005,39.54073399
35006,44.71293222
35007,29.23700683
35008,23.57723369
35009,26.54665296
35010,28.4665685
35011,28.64859202
35012,38.11356325
35013,30.59111718
35014,48.5622522
35015,42.51417079
35016,24.60148324
35017,36.13958523
35018,22.72970352
35019,31.54158584
35020,31.20711904
35021,21.61065112
35022,38.83579534
35023,34.93193205
35024,40.32247328
35025,46.52326707
35026,57.76863213
35027,64.1450707
35028,67.65012686
35029,67.89809982
35030,60.06868531
35031,56.37069808
35032,64.50334385
35033,36.08425349
35034,41.77111056
35035,54.25795078
35036,59.71254081
35037,84.03859155
35038,55.57718293
35039,17.89742118
35040,7.965228814
35041,7.187442991
35042,7.598482203
35043,7.703662183
35044,9.787477858
35045,14.94671469
35046,11.73120653
35047,17.45920879
35048,17.28324062
35049,31.3859104
35050,22.86681086
35051,12.58245103
35052,10.08004692
35053,9.451118664
35054,8.725333406
35055,9.35602124
35056,12.54662597
35057,13.05478727
35058,15.94054468
35059,26.15423494
35060,12.70550153
35061,11.07362456
35062,10.11028125
35063,8.398459915
35064,16.34476749
33649,132.3891347
33650,155.171138
33651,213.4517383
33652,199.1931926
33653,190.5223535
33654,168.9429926
33655,176.4150217
33656,171.5659734
33657,179.2691225
33658,267.9549137
33659,324.8457187
33660,424.5268062
33661,486.484686
33662,490.9313008
33663,328.3563369
33664,254.0337194
33665,286.3567086
33666,272.0746821
33667,278.4105316
33668,269.7621423
33669,272.1329962
33670,292.5027127
33671,318.300159
33672,304.8469184
33673,294.0668228
33674,248.3706227
33675,51.04511545
33676,18.17683562
33677,19.02638205
33678,13.06899184
33679,8.289905293
33680,5.983376645
33681,7.037073231
33682,7.588971968
33683,7.560344098
33684,11.83861694
33685,13.19074235
33686,15.89804698
33687,22.43770452
33688,51.67937859
33689,141.7500253
33690,182.4163845
33691,189.2068227
33692,182.1969905
33693,180.773572
33694,181.2533897
33695,168.2274306
33696,167.1043413
33697,163.1925319
33698,181.2088108
33699,198.5003393
33700,173.1003723
33701,150.5325867
33702,142.0364839
33703,135.9842081
33704,133.092816
33705,128.8610625
33706,149.412753
33707,138.2289532
33708,155.7545232
33709,221.8068719
33710,216.9106445
33711,208.6168466
33712,187.9602772
33713,181.4466429
33714,183.4530943
33715,179.1637177
33716,194.0682201
33717,181.6316897
33718,168.2563685
33719,169.5443642
33720,125.5555737
33721,105.6245849
33722,113.6089305
33723,84.40553721
33724,73.94523584
33725,68.22057505
33726,58.40985225
33727,46.27193529
33728,56.67139029
33729,48.17231276
33730,40.89322178
33731,32.99596975
33732,92.51189168
33733,104.8958897
33734,115.8125281
33735,79.66407758
33736,149.1191972
33737,171.560234
33738,202.8485919
33739,215.791453
33740,238.5971773
33741,230.3030033
33742,220.5778622
33743,237.1091682
33744,247.3258512
33745,282.9091864
33746,385.4955144
33747,412.0926482
33748,408.3005617
33749,410.9687198
33750,394.4723219
33751,372.036602
33752,287.9195485
33753,233.5170111
33754,222.6654672
33755,200.931518
33756,267.1192892
33757,295.4737707
33758,285.4950415
33759,282.0377435
33760,150.994965
33761,136.7715724
33762,74.84375058
33763,51.60961879
33764,100.5842148
33766,137.8409492
33767,163.2726262
33768,160.9656767
33769,141.1779135
33770,149.1337197
33771,157.2608333
33772,150.6219242
33773,149.5875887
33774,142.1218019
33775,142.5589507
33776,147.412723
33777,154.1913235
33778,171.0879951
33779,206.2660785
33780,201.2612667
33781,191.8422197
33782,191.5167089
33783,176.4315969
33784,175.7596721
33785,192.9333007
33786,190.6227795
33787,202.354818
33788,193.7679762
33789,214.3551945
33790,209.5154425
33791,221.7807059
33792,201.1935202
33793,196.5188615
33794,192.8746613
33795,202.7450791
33796,188.4265166
33797,113.6740263
33798,180.404919
33799,170.2311651
33800,182.5103445
33801,198.7952979
33802,211.3975433
33803,143.2920569
33804,269.9199448
33805,265.3387915
33806,86.36969009
33807,50.35647635
33808,41.73124881
33809,38.01156501
33810,42.22673739
33811,36.94771093
33812,36.65022751
33813,44.35487291
33814,30.98893966
33815,31.36780658
33816,23.42664194
33817,21.51593846
33818,17.6113088
33819,19.31053168
33820,18.84691765
33821,22.38645907
33822,18.67681484
33823,17.27216936
33824,16.60527963
33825,17.0087345
33826,18.35069469
33827,18.82778988
33828,19.56643667
33829,17.61528139
33830,11.94029613
33831,15.2591284
33832,13.70733971
33833,17.48304972
33834,13.78195193
33835,10.32461917
33836,12.53130525
33837,11.20753707
33838,9.738099038
33839,11.31685168
33840,9.643598087
33841,8.347626772
33842,10.87478591
33843,14.9527163
33844,13.79642288
33845,11.95240513
33846,10.4424088
33847,13.58633753
33848,11.04978671
33849,8.922180698
33850,8.508289444
33851,9.566348134
33852,10.57416187
33853,9.888471821
33854,8.806436574
33855,11.54115856
33856,13.45890536
33857,16.17086351
33858,25.00423867
33859,61.87667473
33860,63.84422256
33861,69.83314157
33862,59.96196562
33863,89.46027754
33864,36.41499252
33865,23.06511643
33866,12.82919577
33867,8.809135287
33868,8.749591788
33869,11.95088156
33870,11.41077379
33871,15.86536606
33872,12.62244271
33873,18.7754072
33874,54.24166817
33875,23.83278832
33876,11.91622013
33877,5.414286256
33878,12.74708458
33879,8.700973537
33880,9.48564328
33881,6.565546292
33882,5.988563938
33883,7.44379942
33884,6.119460998
33885,7.418737767
33886,11.79406507
33887,10.87915921
33888,12.58765591
33889,12.4285188
33890,13.87103517
33891,13.03403176
33892,14.89309085
33893,14.68152033
33894,16.51432912
33895,15.34531579
33896,14.74863788
33897,19.96557713
33898,36.23232409
33899,59.92632501
33900,64.68435508
33901,34.9856947
33902,25.55221951
33903,15.49583366
33904,19.71433935
33905,20.63889255
33906,15.85529143
33907,10.15340261
33908,15.16386185
33909,14.66639667
33910,13.16852623
33911,11.87490151
33912,14.47003115
33913,17.30743759
33914,24.63901003
33915,18.50712044
33916,14.10642843
33917,19.25401936
33918,19.84740947
33919,16.85814691
33920,23.88121082
33921,33.43777837
33922,33.50515592
33923,24.19440809
33924,17.61287893
33925,15.35924999
33926,13.27493741
33927,11.79304714
33928,14.44314228
33929,17.19365671
33930,21.57481175
33931,23.29117381
33932,14.52856607
33933,14.50426314
33934,13.02134468
33935,17.78396098
33936,13.99582942
33937,13.41338008
33938,12.13820782
33939,11.06507886
33940,12.57048715
33941,11.31410992
33942,13.08496452
33943,11.62409917
33944,11.49517265
33945,10.46867916
33946,11.7913866
33947,13.77847368
33948,14.31854552
33949,14.25383611
33950,6.698392491
33951,13.12107231
33952,8.864569182
33953,16.06143666
33954,11.00162351
33955,6.828084268
33956,11.53017782
33957,12.22658093
33958,15.00382552
33959,18.56349614
33960,20.00759281
33961,20.26479461
33962,22.50592502
33963,14.34427653
33964,18.83012921
33965,11.43748809
33966,17.51306968
33967,14.68111499
33968,17.36980725
33969,17.89994173
33970,16.35777214
33971,21.96604494
33972,20.6344285
33973,18.07480368
33974,29.35131923
33975,32.15664399
33976,26.33896206
33977,24.16234239
33978,22.44393375
33979,35.34295484
33980,37.16242524
33981,37.05523495
33982,48.91583385
33983,51.93643435
33984,61.23819496
33985,73.58636981
33986,71.47675963
33987,76.44763889
33988,69.76426504
33989,69.796894
33990,55.68703094
33991,50.64266621
33992,57.12782343
33993,67.59509398
33994,74.70175733
33995,77.61934565
33996,76.44412368
33997,78.31196636
33998,79.07624362
33999,84.79083237
34000,88.10657091
34001,92.1690482
34002,94.23733762
34003,98.06960256
34004,96.59228515
34005,93.80734796
34006,88.95844992
34007,92.90768335
34008,106.1495308
34009,106.2555851
34010,92.28014096
34011,101.4824571
34012,108.6270517
34013,110.6175428
34014,114.4664077
34015,100.5763536
34016,103.4194025
34017,130.2727561
34018,124.5619732
34019,109.8800096
34020,97.24817255
34021,96.88201835
34022,94.08875649
34023,99.63285905
34024,107.9320322
34025,117.0099586
34026,124.392528
34027,121.6306138
34028,116.9014763
34029,117.8644884
34030,122.9282226
34031,122.2215362
34032,129.4484908
34033,130.5473578
34034,126.8690858
34035,152.8883872
34036,136.3807121
34037,125.1987341
34038,120.9908049
34039,132.5657324
34040,147.1727912
34041,154.4813005
34042,169.2048832
34043,153.4940856
34044,64.9348736
34045,68.01928177
34046,93.24121297
34047,120.3540608
34048,100.747958
34049,109.2440035
34050,133.1296232
34051,114.3244115
34052,130.304355
34053,116.3696873
34054,32.44640531
34055,17.60734527
34056,12.98522708
34057,15.03643736
34058,15.46616883
34059,17.0216127
34060,15.26255862
34061,24.29490051
34062,16.84408264
34063,20.42673561
34064,20.75489651
34065,18.66304953
34066,22.08912793
34067,17.10259694
34068,12.31545848
34069,31.79419495
34070,25.37536756
34071,24.78601379
34072,18.00855916
34073,18.65470702
34074,25.26840597
34075,30.55277799
34076,32.50669459
34077,52.36453551
34078,39.02688701
34079,56.23554488
34080,61.33213037
34081,88.51055037
34082,37.62156477
34083,57.97928013
34084,27.82452128
34085,60.14354711
34086,36.91601759
34087,85.02815854
34088,82.81504754
34089,76.97509372
34090,39.64011505
34091,32.57444337
34092,10.84701106
34093,20.86172303
34094,14.35468716
34095,11.66897193
34096,4.717745791
34097,6.649949203
34098,11.39915473
34099,9.059545253
34100,3.870752431
34101,5.936465295
34102,4.023729841
34103,4.422846007
34104,5.290688459
34105,13.00179317
34106,11.79542111
34107,4.260677731
34108,4.362765999
34109,4.579108227
34110,4.056902315
34111,4.925710754
34112,5.911652119
34113,5.269847496
34114,8.265641729
34115,7.618780013
34116,4.551637582
34117,4.879462259
34118,5.929185961
34119,4.687615361
34120,6.260288937
34121,7.314811042
34122,13.10682159
34123,22.29727048
34124,28.31334688
34125,27.89513248
34126,50.63008842
34127,54.54947991
34128,58.76288529
34129,64.99385787
34130,69.05207521
34131,64.42742515
34132,37.91644885
34133,35.34963675
34134,39.43012275
34135,44.63911753
34136,18.59511401
34137,7.931620088
34138,5.241655643
34139,6.412932606
34140,7.171468779
34141,10.3084851
34142,11.21407724
34143,12.58557797
34144,8.611894705
34145,10.3305077
34146,10.22096777
34147,8.159654538
34148,8.29693677
34149,12.0768937
34150,17.76094863
34151,7.568822275
34152,6.355866358
34153,9.470082775
34154,6.924425117
34155,6.617599102
34156,6.299951992
34157,8.455087497
34158,5.583317323
34159,5.27529215
34160,4.98159335
34161,5.8649538
34162,4.753562434
34163,5.573989371
34164,6.122099976
34165,10.91498124
34166,11.40696676
34167,12.8838884
34168,15.24888473
34169,20.07502375
34170,24.40577382
34171,26.58289898
34172,26.78971621
34173,17.9437606
34174,33.83286581
34175,39.52909204
34176,46.81351029
34177,29.32637295
34178,30.47415275
34179,24.9943845
34180,29.86320732
34181,22.22791879
34182,22.0857788
34183,23.4226665
34184,13.56661068
34185,29.37076221
34186,17.31715624
34187,25.84268681
34188,29.97163057
34189,27.52693612
34190,41.6420032
34191,21.27164944
34192,17.93052
34193,15.75142901
34194,27.67570797
34195,30.53684848
34196,32.41865811
34197,48.80753055
34198,18.28691676
34199,30.23892431
34200,35.33811043
34201,34.60367561
34202,37.58666292
34203,39.39114565
34204,40.99654532
34205,23.30065969
34206,27.85415528
34207,25.02393931
34208,19.45364432
34209,46.95194348
34210,60.53674469
34211,57.41370258
34212,63.76636844
34213,85.58443105
34214,81.52191805
34215,64.28597229
34216,63.93425429
34217,71.2226659
34218,79.40295594
34219,80.17401814
34220,89.62441808
34221,93.3571833
34222,95.98371617
34223,103.3311953
34224,135.3268153
34225,143.3031538
34226,86.64553945
34227,117.2395702
34228,140.771467
34229,125.0166057
34230,116.0033023
34231,66.34182664
34232,122.3778175
34233,130.9820065
34234,134.8893011
34235,143.0729632
34236,143.2383473
34237,154.001187
34238,163.9848222
34240,158.4726062
34241,147.9753232
34242,152.523626
34243,153.5638353
34244,166.3301581
34245,147.3971199
34246,180.9025022
34247,222.0074117
34248,207.9185859
34249,227.3453141
34250,228.6515831
34251,234.5144963
34252,231.8527606
34253,216.5711902
34254,229.7142027
34255,228.4401093
34256,233.9946804
34257,181.170831
34258,256.3817767
34259,270.0742447
34260,275.9264257
34261,153.9715903
34262,108.6987267
34263,28.26810481
34264,18.89997529
34265,15.62107872
34266,14.22121528
34267,11.91699602
34268,10.61701564
34269,10.20804017
34270,8.958629601
34271,8.845901671
34272,12.72369484
34273,9.19825958
34274,10.70833895
34275,15.77008783
34276,11.74456171
34277,11.55026693
34278,15.51525743
34279,12.42132837
34280,13.46897464
34281,28.82185018
34282,30.78196306
34283,32.24792861
34284,30.92867104
34285,30.93362111
34286,25.13801429
34287,23.60763871
34288,36.41696104
34289,39.12512785
34290,48.63862646
34291,62.76694746
34292,47.15814689
34293,42.14708218
34294,70.35943766
34295,69.82124225
34296,46.59506325
34297,78.75011526
34298,102.1644425
34299,139.3447076
34300,205.6324428
34301,284.8755593
34302,268.1596028
34303,274.4921581
34304,240.6202894
34305,238.2469562
34306,255.292305
34307,253.0111175
34308,268.5485229
34309,232.2921847
34310,221.8846656
34311,195.5163728
34312,198.1895915
34313,198.3595781
34314,211.4494279
34315,215.85496
34316,216.0757408
34317,235.1256782
34318,244.0996153
34319,260.0355771
34320,225.6044047
34321,193.8831907
34322,51.29825148
34323,13.638868
34324,12.02388912
34325,13.80801826
34326,15.73524454
34327,11.09548435
34328,9.742135369
34329,7.633854513
34330,7.977638541
34331,7.432836659
34332,6.135780842
34333,17.69568748
34334,8.348031012
34335,12.40614002
34336,10.19966156
34337,9.808576583
34338,8.08282539
34339,7.027373675
34340,5.960849079
34341,5.79889897
34342,7.578817697
34343,6.291839557
34344,10.06548386
34345,7.663776904
34346,8.70387153
34347,7.939824384
34348,5.95228623
34349,5.509624084
34350,5.141624453
34351,3.78841728
34352,3.948517571
34353,3.681791785
34354,3.695309321
34355,7.555011027
34356,3.941618111
34357,5.505294175
34358,6.359676113
34359,7.61681865
34360,6.634006528
34361,7.736049518
34362,9.39460323
34363,10.31240262
34364,10.29475012
34365,22.65148578
34366,29.76592364
34367,28.25202512
34368,33.0602751
34369,43.09141011
34370,44.01145371
34371,43.72111016
34372,33.56108038
34373,32.96300515
34374,17.09193115
34375,21.63246096
34376,57.06055703
34377,60.55094779
34378,55.39095495
34379,50.68774712
34380,50.84944378
34381,42.75728697
34382,32.06237258
34383,29.40693031
34384,19.70498095
34385,18.72200615
34386,10.1647119
34387,6.369347624
34389,6.614964313
34390,11.41650436
34391,13.13450243
34392,8.587918345
34393,8.229351722
34394,12.89085977
34395,14.3706299
34396,14.82604291
34397,15.30462161
34398,15.65331023
34399,11.85512224
34400,11.70178125
34401,7.349275603
34402,6.601212134
34403,8.712334411
34404,9.871093366
34405,8.249406928
34406,7.952822636
34407,9.844234463
34408,10.22988001
34409,14.08721193
34410,21.28810064
34411,31.75735059
34412,31.06218678
34413,49.37656303
34414,45.8536881
34415,34.24538508
34416,31.69657775
34417,32.14366331
34418,28.44608544
34419,30.66426652
34420,25.65730604
34421,40.53556302
34422,38.31377912
34423,24.83401949
34424,52.52691222
34425,39.61054689
34426,50.18184465
34427,34.54172793
34428,66.51081594
34429,71.51471327
34430,72.43021282
34431,67.03105702
34432,67.73721771
34433,68.99320182
34434,67.36992696
34435,62.65908792
34436,71.26400363
34437,83.27086383
34438,76.69858803
34439,75.40616078
34440,71.83904746
34441,45.41408705
34442,75.13555633
34443,48.35015483
34444,73.17515328
34445,70.05807727
34446,65.12176868
34447,55.23293576
34448,70.87603725
34449,77.24086015
34450,113.6871824
34451,124.7830448
34452,115.7917049
34453,103.3082512
34454,127.1893827
34455,127.9893288
34456,123.4481875
34457,101.6407621
34458,98.78080726
34459,100.7994664
34460,107.3366833
34461,122.2330544
34462,133.8214202
34463,150.7342188
34464,168.2098768
34465,183.2233964
34466,210.4329732
34467,201.6500724
34468,193.1698501
34469,202.1709661
34470,203.2589707
34471,204.0690828
34472,203.5673058
34473,214.6882171
34474,233.0510352
34475,142.2796572
34476,255.6948302
34477,261.2772086
34478,233.2782282
34479,196.9874749
34480,82.5904636
34481,30.17200032
34482,24.55917496
34483,12.40308197
34484,8.927857254
34485,6.268402283
34486,6.334795219
34487,6.475433987
34488,7.791994267
34489,11.31716693
34490,15.28345877
34491,18.38408085
34492,18.92678353
34493,29.07624879
34494,24.83980723
34495,18.17362354
34496,13.81040285
34497,12.22489453
34498,8.243627293
34499,13.90944245
34500,11.00644531
34501,13.02626117
34502,10.95112449
34503,11.71861407
34504,13.81581219
34505,7.304434403
34506,5.765912329
34507,7.977534444
34508,7.02690121
34509,7.505939991
34510,8.400169889
34511,6.702335348
34512,8.374960947
34513,10.51420182
34514,9.312428107
34515,10.09991843
34516,8.676296329
34517,10.44473146
34518,8.79633022
34519,11.32192808
34520,10.35314598
34521,22.23116603
34522,27.91781091
34523,31.7447853
34524,32.54326693
34525,34.02929
34526,17.42260492
34527,22.45513938
34528,12.40897647
34529,14.2833001
34530,13.92737797
34531,15.33439339
34532,22.70095833
34533,29.57087373
34534,22.78473854
34535,30.41580068
34536,37.88596862
34537,36.93548539
34538,29.19006522
34539,30.03923572
34540,29.80667662
34541,32.21366178
34542,35.03658183
34543,32.47898935
34544,36.77042346
34545,37.80441593
34546,47.08089826
34547,89.88653366
34548,110.046128
34549,106.5540305
34550,109.1791656
34551,98.30195375
34552,91.77790102
34553,92.55659236
34554,92.63918826
34555,92.07320633
34556,94.26381066
34557,98.11655852
34558,101.1078074
34559,102.9522839
34560,101.0763884
34561,99.86614984
34562,114.0467299
34563,105.4866969
34564,80.29612701
34565,49.15672028
34566,23.85769393
34567,14.62001803
34568,21.34136564
34569,8.034150545
34570,7.217381093
34571,6.523628473
34572,7.899619316
34573,54.36394577
34574,5.315195147
34575,8.296045193
34576,15.26640681
34577,6.635866417
34578,9.837677852
34579,8.777427518
34580,12.07468513
34581,9.323049239
34582,9.062618088
34583,7.286226177
34584,8.534632209
34585,9.083959477
34586,8.107723062
34587,7.432761135
34589,9.508431419
34590,7.066835636
34591,7.041205595
34592,6.193658001
34593,8.534021924
34594,7.709876788
34595,9.231563234
34596,10.67388549
34597,9.604620945
34598,10.86738996
34599,12.31359379
34600,8.660860299
34601,9.437694498
34602,6.272015619
34603,7.486331945
34604,7.633621955
34605,7.809082258
34606,7.178040368
34607,9.170198996
34608,9.898612741
34609,10.84163708
34610,10.8426283
34611,13.52990841
34612,11.59122726
34613,7.87990195
34614,7.176476231
34615,8.86321457
34616,7.619683413
34617,7.835719814
34618,8.514330685
34619,9.354636921
34620,9.812033686
34621,107.2480982
34622,34.77572149
34623,11.17442349
34624,9.284397847
34625,9.39454265
34626,8.175954924
34627,5.990488649
34628,7.335682242
34629,6.765772162
34630,5.906482243
34631,6.343548271
34632,10.88496852
34633,17.52499284
34634,11.32296455
34635,10.38070172
34636,8.678354942
34637,6.962594705
34638,7.907385298
34639,8.095730305
34640,11.1660835
34641,14.5272297
34642,11.64842977
34643,11.54487584
34644,16.00991791
34645,12.35913816
34646,11.27081979
34647,11.8733163
34648,9.670807677
34649,8.995620504
34650,12.13744657
34651,10.88972201
34652,26.30211215
34653,43.29042782
34654,32.45847366
34655,51.42449976
34656,79.11692319
34657,66.77059332
34658,31.07615338
34659,43.07391192
34660,23.97140311
34661,26.51704478
34662,23.16085757
34663,27.46589627
34664,41.29412909
34665,51.98689428
34666,71.91944537
34667,75.10838445
34668,91.73812974
34669,112.4250255
34670,116.9603896
34671,93.40204906
34672,73.69920325
34673,67.4111055
34674,79.44923399
34675,93.89827779
34676,90.76969572
34677,98.22135282
34678,96.31586547
34679,104.434765
34680,112.5018672
34681,113.0361103
34682,82.44205231
34683,71.50631353
34684,64.54109215
34685,25.84220549
34686,42.19719259
34687,36.00328181
34688,17.27355255
34689,18.44230539
34690,29.22230675
34691,27.58551042
34692,31.8788091
34693,28.05331415
34694,18.19063209
34695,15.24475921
34696,14.12201375
34697,15.1077445
34698,20.39653628
34699,30.13177846
34700,30.61454632
34701,47.64565696
34702,63.11293827
34703,51.17798132
34704,63.66912968
34705,65.90085099
34706,73.35530528
34707,79.68088514
34708,76.15149883
34709,82.51514172
34710,113.6273966
34711,115.5515813
34712,119.9519247
34713,132.5400777
34714,158.1561705
34715,169.3815603
34716,184.1635032
34717,121.270194
34718,229.5969325
34719,196.1376199
34720,207.6755833
34721,211.6708912
34722,217.7469272
34723,236.6188823
34724,180.1430507
34725,242.5431097
34726,239.7532563
34727,236.4860409
34728,242.6833861
34729,265.7344701
34730,245.4022797
34731,241.5694837
34732,243.0949668
34733,239.8214058
34734,235.4406425
34735,237.9985769
34736,223.5667084
34737,224.9949742
34738,241.1668365
34739,245.4430788
34740,280.6259611
34741,276.3235421
34742,219.9374281
34743,166.1783198
34744,227.008286
34745,223.589095
34746,233.6913163
34747,240.162962
34748,243.4149087
34749,251.4920203
34750,253.1705049
34751,266.0720295
34752,268.6511281
34753,275.5012573
34754,269.8023911
34755,285.8563627
34756,284.2750063
34757,269.8633586
34758,259.2251244
34759,191.7808309
34760,114.0692219
34761,21.10754913
34762,13.30998828
34763,10.25751777
34764,10.80862955
34765,11.95025344
34766,10.33387858
34767,11.63631604
34768,9.588165069
34769,7.652736384
34770,10.10867612
34771,8.169337078
34772,9.554900762
34773,8.336064354
34774,6.853674119
34775,6.892321333
34776,7.566715411
34777,8.072117394
34778,8.047816312
34779,7.899589672
34780,7.977682436
34781,9.021977341
34782,7.078983541
34783,8.602315098
34784,13.68375331
34785,13.64760173
34786,11.86324758
34787,11.86871838
34788,7.182958596
34789,8.442840167
34790,9.378290376
34791,8.917973463
34792,11.19479902
34793,15.21912136
34794,14.28318261
34795,17.87590659
34796,27.57939755
34797,36.81860572
34798,50.57527749
34799,51.95331321
34800,57.27625684
34801,36.49949395
34802,42.13680191
34803,54.42047048
34804,54.95666094
34805,50.10270011
34806,51.6946682
34807,47.34166769
34808,52.57662142
34809,64.17401134
34810,42.63392799
34811,72.18045882
34812,75.22583723
34813,73.67528707
34814,38.1324498
34815,68.28103016
34816,75.36920526
34817,88.03948237
34818,102.5892317
34819,110.582168
34820,109.7030348
34821,102.8768394
34822,91.33522063
34823,90.998521
34824,81.46647195
34825,80.46940914
34826,81.38855706
34827,99.68231086
34828,99.84240188
34829,96.18697797
34830,122.450684
34831,126.2264999
34832,102.8767769
34833,104.6516273
34834,126.1109801
34835,116.9851186
34836,137.4957865
34837,212.3863764
34838,198.9010469
34839,61.75337622
34840,15.1878969
34841,22.93346919
34842,12.26639608
34843,10.81627087
34844,22.19528778
34845,14.48160516
34846,10.8972662
34847,6.913424166
34848,6.346681082
34849,6.365482287
34850,5.602200481
34851,4.738439372
34852,3.525528284
34853,4.331868699
34854,5.348672645
34855,4.463667262
34856,3.019517773
34857,3.215306447
34858,3.247458568
34859,8.652601377
34860,10.46618258
34861,7.797084301
34862,8.577519753
34863,6.287286857
34866,6.977839468
34868,11.18582698
34869,14.47957461
34870,12.09369532
34871,19.58799628
34872,35.27988546
34873,40.5588535
34874,44.81674127
34875,34.06341899
34876,40.00083838
34877,28.31461135
34878,24.67309337
34879,22.80402585
34880,39.50776485
34881,53.47646166
34882,67.10795374
34883,91.29097664
34885,52.76344507
34887,70.62818519
34888,59.32977629
34889,108.4884822
34890,111.770472
34891,114.9268921
34892,107.5786275
34893,97.41558501
34894,91.17620309
34895,85.51001389
34896,88.82407343
34897,86.89519535
34898,84.90077734
34899,86.88019343
34900,86.84773154
34901,84.74666632
34902,88.78556207
34903,88.56608149
34904,102.404679
34905,80.11524717
34906,140.3312881
34907,148.0527506
34908,144.5775712
34909,154.5023722
34910,169.7106532
34911,113.7521942
34912,29.06731405
34913,7.819662987
34914,2.107913298
34915,3.75097568
34916,4.338679097
34917,5.723987508
34918,5.819253759
34919,6.137655105
34920,7.030794786
34921,7.955313826
34922,7.613763294
34923,7.214994323
34924,10.53954022
34925,10.60449401
34926,10.06105941
34927,11.00117098
34928,11.6087797
34929,8.583774777
34930,9.219249472
34931,8.050635765
34932,6.665197432
34933,6.184167462
34934,6.183259073
34935,4.91612104
34936,5.128641693
34937,5.104980736
34938,6.25573311
34939,6.598163377
34940,12.22669279
34941,26.46572087
34942,27.82156182
34943,19.73199195
34944,21.04860691
34945,16.87951618
34946,15.77957843
34947,12.99253236
34948,11.33842586
34949,11.34691329
34950,13.82862137
34951,17.0166667
34952,16.27620845
34953,19.50250461
34954,16.89177325
34955,14.71233328
34956,8.407717768
34957,6.920346089
34958,6.176052643
34959,21.87077092
34960,9.120017096
34961,10.48877489
34962,8.078646026
34963,8.168848225
34964,5.618653092
34965,5.53318151
34966,6.708906
34967,6.262718018
34968,7.667383415
34969,24.673642
34970,22.52115151
34971,20.08296031
34972,20.80339066
34973,10.81461035
34974,11.37914207
34975,13.25394029
34976,25.17988214
34977,13.88021719
34978,15.47577927
34979,15.32224664
34980,16.46916003
34981,9.442722693
34982,9.561710395
34983,9.089096624
34984,10.52845234
34985,6.742739119
34986,9.312669001
34987,8.147144282
34988,8.548292709
34989,7.369609496
34990,8.592374816
34991,10.48810116
34992,8.635664181
34993,9.033985498
34994,11.51711331
34995,18.20361711
34996,12.67055711
34997,11.85650337
34998,10.95904582
34999,14.2547712
35000,24.04300378
35001,31.09496847
35002,22.46741274
35003,27.01547036
35004,25.29109503
35005,22.71674463
35006,29.28436961
35007,29.72852874
35008,23.90357425
35009,23.40434987
35010,29.47551801
35011,32.46504462
35012,38.90269782
35013,62.18963378
35014,50.28054695
35015,48.7304972
35016,37.73314685
35017,37.28565823
35018,34.69136136
35019,37.51076309
35020,30.4345651
35021,23.53545219
35022,22.91780052
35023,20.60214657
35024,23.95727593
35025,35.29630686
35026,49.53277995
35027,47.67689952
35028,74.24157299
35029,67.37918864
35030,44.4071149
35031,52.60849154
35032,55.99406666
35033,46.89126446
35034,47.39280079
35035,74.11911065
35036,65.94266797
35037,75.92283389
35038,31.21969401
35039,6.793659956
35040,3.863206043
35041,3.138089363
35042,4.094053411
35043,9.348283904
35044,16.84766249
35045,15.53302502
35046,11.81300866
35047,12.37730843
35048,15.33426348
35049,25.79212872
35050,19.75559033
35051,10.17386313
35052,5.485985296
35053,5.724276216
35054,5.740073493
35055,7.414273448
35056,15.22470774
35057,19.2016404
35058,8.874507749
35059,6.479807519
35060,4.465094024
35061,4.689038917
35062,4.618544624
35063,4.489866919
35064,9.698997937
33649,306.5445767
33650,459.8713948
33651,387.1340848
33652,382.0367123
33653,393.2834751
33654,382.3113419
33655,380.6897398
33656,409.3601208
33657,436.7450606
33658,461.3332026
33659,482.0131953
33660,455.8209792
33661,485.3689097
33662,545.2782911
33663,548.4519637
33664,508.8188637
33665,525.4958279
33666,514.5575885
33667,508.768801
33668,482.3386459
33669,436.8594226
33670,455.9756032
33671,436.4029907
33672,443.6160051
33673,464.6574213
33674,492.4696132
33675,456.7113823
33676,368.1421083
33677,184.6833008
33678,112.9938005
33679,65.09402438
33680,45.05961375
33681,37.33615596
33682,11.35247512
33683,9.024115217
33684,11.50619255
33685,158.0888816
33686,187.0987344
33687,225.1344361
33688,235.7241224
33689,188.4993368
33690,183.5516386
33691,151.4127548
33692,143.5731062
33693,123.2810476
33694,138.2687811
33695,155.85536
33696,167.6426546
33697,220.7213172
33698,233.5045927
33699,268.0734191
33700,311.8035939
33701,355.2394468
33702,373.9517476
33703,374.6259337
33704,338.259795
33705,273.6220679
33706,246.3167765
33707,186.8668607
33708,197.6295198
33709,194.8763799
33710,194.5517223
33711,201.6387823
33712,267.2215411
33713,292.4905893
33714,324.9419115
33715,450.0801409
33716,386.9813149
33717,470.9773688
33718,551.1935689
33719,377.0507343
33720,389.9129444
33721,341.0989397
33722,321.6613665
33723,334.5496097
33724,332.3332878
33725,332.9064672
33726,315.578816
33727,283.1155382
33728,389.2924157
33729,263.5609625
33730,245.1373722
33731,226.1060048
33732,153.8702407
33733,171.7392267
33734,231.4143395
33735,292.9596211
33736,150.5034624
33737,351.5766192
33738,178.2576142
33739,348.8217787
33740,364.788691
33741,375.9790609
33742,381.9883166
33743,407.9623429
33744,335.5849905
33745,235.837215
33746,189.1363506
33747,170.1252133
33748,161.2749495
33749,211.9172601
33750,264.2484909
33751,410.9275638
33752,404.7806871
33753,386.2891191
33754,364.2409078
33755,313.1100509
33756,271.4505145
33757,245.2710685
33758,163.9007795
33759,127.953981
33760,109.6807934
33761,102.9326458
33762,125.3354417
33763,136.5163526
33764,146.9254971
33765,169.7302233
33766,196.5920135
33767,189.8056349
33768,121.0239618
33769,145.3079051
33770,176.2507146
33771,192.2540273
33772,196.5136119
33773,187.798102
33774,185.5862135
33775,200.3035992
33776,212.8978838
33777,208.8952078
33778,132.2570352
33779,140.5266982
33780,197.3419945
33781,194.4877139
33782,144.7204298
33783,143.9595394
33784,214.0169039
33785,209.3164297
33786,210.0681721
33787,251.7484973
33788,150.5383111
33789,322.8599895
33790,282.5260711
33791,221.5547112
33792,214.2949333
33793,302.1840457
33794,251.8001612
33795,180.8104212
33796,158.3994935
33797,192.5061998
33798,203.6401121
33799,166.5325842
33800,164.5346816
33801,164.8818654
33802,162.3700593
33803,123.3832743
33804,155.7610032
33805,150.7851616
33806,165.0182857
33807,148.4730037
33808,152.679009
33809,142.3383581
33810,136.4677675
33811,89.71922051
33812,138.5810143
33813,144.0837034
33814,94.47891375
33815,178.2292432
33816,194.0574211
33817,192.9737226
33818,117.3453568
33819,48.2838941
33820,22.39022635
33821,19.13001755
33822,16.30665545
33823,15.42566695
33824,14.45469476
33825,15.97624709
33826,16.76522473
33827,14.71195662
33828,17.77846544
33829,18.99343308
33830,19.47637597
33831,22.21103406
33832,19.95646153
33833,18.93803353
33834,18.6881765
33835,16.02521013
33836,16.12788464
33837,15.18101912
33838,14.94298629
33839,13.23367397
33840,11.45231737
33841,9.172442815
33842,7.987848021
33843,12.29047516
33844,13.87301821
33845,13.50114827
33846,12.58342531
33847,13.02856554
33848,13.49059616
33849,15.27612468
33850,15.29442221
33851,15.78171367
33852,17.58942759
33853,19.93226366
33854,23.81782007
33855,24.36326662
33856,36.46806476
33857,35.02678807
33858,49.76697762
33859,59.1496914
33860,77.47536308
33861,107.3349952
33862,140.2203767
33863,179.7205345
33864,145.9470806
33865,121.7728816
33866,74.67610759
33867,40.68331362
33868,15.68151307
33869,11.97044093
33870,12.03711014
33871,12.48279262
33872,13.19922132
33873,10.96567328
33874,14.89232827
33875,9.866266235
33876,13.54654361
33877,13.54007028
33878,14.24963562
33879,15.19103964
33880,16.15023159
33881,13.72565776
33882,17.23553526
33883,20.40705512
33884,40.93070357
33885,80.26310708
33886,92.10532076
33887,101.312595
33888,92.04196956
33889,94.07090967
33890,97.54735853
33891,105.3675899
33892,109.7208711
33893,92.51372458
33894,101.9486478
33895,124.3564821
33896,87.67318176
33897,74.02521843
33898,79.09918725
33899,70.19997079
33900,84.40689535
33901,84.02351157
33902,71.22187392
33903,58.49058194
33904,57.48914942
33905,102.6716162
33906,125.0161634
33907,143.5663314
33908,134.2190311
33909,86.60315528
33910,55.40204719
33911,45.9205772
33912,39.26033147
33913,35.09170405
33914,26.97342787
33915,21.53301318
33916,22.38430548
33917,27.77324206
33918,35.67116658
33919,22.43195593
33920,19.96053968
33921,23.40060233
33922,32.07198866
33923,30.67137605
33924,29.65584457
33925,35.06568387
33926,67.57243119
33927,82.05341206
33928,96.00810273
33929,104.1816498
33930,125.0553688
33931,130.2671613
33932,157.1263271
33933,130.3955129
33934,44.04975074
33935,20.13867013
33936,8.278193723
33937,9.78343521
33938,14.13276174
33939,8.896513864
33940,8.600766372
33941,9.31642947
33942,8.900315504
33943,9.512171091
33944,11.49662748
33945,15.91698954
33946,13.66306709
33947,15.67960369
33948,15.1190542
33949,13.72272387
33950,14.90362736
33951,15.15196374
33952,12.24091665
33953,10.25923127
33954,12.68746129
33955,15.92284513
33956,17.86016724
33957,18.03074002
33958,22.71906505
33959,21.11558456
33960,14.44810564
33961,14.9565553
33962,20.74902969
33963,16.17893884
33964,24.17360292
33965,13.98077141
33966,11.15198937
33967,10.25454002
33968,10.39884039
33969,13.76768456
33970,20.31394781
33971,24.2389647
33972,18.19737153
33973,12.87237149
33974,12.51516497
33975,16.31938696
33976,14.77109503
33977,15.15336533
33978,28.4154485
33979,34.15825293
33980,55.52073519
33981,61.58323961
33982,79.03833474
33983,82.1785127
33984,62.12132088
33985,52.36999966
33986,50.04475538
33987,62.8098199
33988,42.54437838
33989,43.84681801
33990,48.72220765
33991,42.62464612
33992,43.14404802
33993,41.77946817
33994,41.33851986
33995,44.65229538
33996,52.01884202
33997,50.54571689
33998,47.38489184
33999,47.03087262
34000,55.8815383
34001,64.80151387
34002,71.77363357
34003,78.85433567
34004,89.26475908
34005,94.48795178
34006,102.2414645
34007,116.8449448
34008,120.2314365
34009,109.5426304
34010,105.9564655
34011,112.2038823
34012,122.4714187
34013,115.2641244
34014,126.2075294
34015,122.6840769
34016,117.4851622
34017,114.4754855
34018,97.79327637
34019,72.2506972
34020,60.22608022
34021,61.48216122
34022,74.98969473
34023,99.05112623
34024,97.28832319
34025,108.15283
34026,123.0366638
34027,138.3718354
34028,135.4367589
34029,158.5943396
34030,133.5671358
34031,117.1507017
34032,128.4933274
34033,120.8625609
34034,121.6322771
34035,131.3061431
34036,132.0788883
34037,122.3549958
34038,119.7630258
34039,121.1924639
34040,107.1052939
34041,125.6522155
34042,152.0716546
34043,168.1297311
34044,172.6120988
34045,201.2170404
34046,200.5548521
34047,174.7304463
34048,162.8932578
34049,155.19395
34050,192.5649557
34051,203.6897042
34052,192.015798
34053,206.4742266
34054,195.1408255
34055,200.523659
34056,170.6274967
34057,141.6966885
34058,52.01349889
34059,76.10602693
34060,45.06131247
34061,42.45795385
34062,22.95904073
34063,15.18367971
34064,15.534653
34065,16.14485175
34066,14.18611773
34067,19.43293077
34068,17.10361254
34069,18.16871017
34070,21.54555059
34071,24.54443198
34072,35.07821678
34073,31.17056538
34074,66.62324871
34075,61.53686162
34076,57.09187339
34077,25.02092705
34078,66.1233188
34079,32.1519582
34080,36.03852009
34081,84.37339182
34082,99.85784141
34083,112.1153621
34084,101.1867341
34085,127.274501
34086,135.3668657
34087,109.5431895
34088,106.785499
34089,105.5786911
34090,91.78842538
34091,67.89222507
34092,35.00689608
34093,23.36899103
34094,18.99336384
34095,17.01265613
34096,12.60144572
34097,10.11457283
34098,7.457339574
34099,13.26879045
34100,4.661697348
34101,8.269206171
34102,6.90406717
34103,7.153993682
34104,6.212770228
34105,6.208228194
34106,6.954775171
34107,3.971813701
34108,6.616662997
34109,6.686546357
34110,6.242026679
34111,5.33130146
34112,6.096247781
34113,8.055958376
34114,9.071354253
34115,12.50421103
34116,17.08241502
34117,11.4154132
34118,9.325300926
34119,13.74189062
34120,22.80973639
34121,17.49585758
34122,18.63423804
34123,15.95089787
34124,37.15271506
34125,25.91866508
34126,59.43835731
34127,59.70935749
34128,68.01490081
34129,65.4250312
34130,75.76419514
34131,89.18062314
34132,107.0278229
34133,111.4675563
34134,97.7712937
34135,60.62560487
34136,16.43562067
34137,12.174635
34138,8.328162926
34139,7.787310261
34140,9.658028653
34141,8.983554406
34142,10.83246466
34143,11.25007168
34144,8.625179127
34145,7.75096685
34146,10.2203822
34147,8.993401744
34148,12.37554041
34149,9.446375194
34150,8.825215358
34151,9.979942595
34152,7.728284726
34153,7.786511747
34154,8.795048226
34155,12.9329349
34156,10.11083285
34157,10.08483262
34158,12.99136453
34159,13.98283842
34160,16.63709446
34161,9.28267122
34162,12.77612554
34163,12.76737179
34164,16.45737061
34165,15.6787461
34166,16.55550847
34167,23.71773755
34168,19.56444144
34169,38.68525846
34170,33.90214737
34171,71.92964979
34172,39.34962526
34173,86.95010732
34174,56.05318843
34175,40.97737977
34176,33.10900438
34177,22.13549266
34178,22.86611186
34179,13.89358142
34180,13.06790435
34181,11.80387853
34182,13.61009901
34183,13.44243367
34184,15.42945263
34185,13.66035067
34186,7.347296704
34187,9.511864368
34188,12.69309486
34189,14.46267209
34190,20.20520051
34191,23.85397987
34192,28.48591656
34193,30.19052264
34194,22.50464872
34195,50.21315923
34196,63.07925867
34197,71.38004518
34198,76.19704981
34199,86.67879703
34200,98.74721276
34201,105.0402496
34202,134.0730642
34203,124.249563
34204,140.9839854
34205,119.4734178
34206,134.9211715
34207,132.4204213
34208,79.04652094
34209,68.0589829
34210,42.44270695
34211,38.071961
34212,41.97894667
34213,56.09841119
34214,55.16882532
34215,57.91373566
34216,65.626287
34217,109.4424973
34218,117.9816478
34219,126.6748033
34220,130.408852
34221,127.839553
34222,120.7817578
34223,125.9582332
34224,133.0067644
34225,141.299343
34226,169.0650532
34227,187.6489273
34228,197.7132627
34229,236.7966845
34230,248.9287564
34231,246.5945794
34232,212.928951
34233,164.0475928
34234,197.7667706
34235,161.4993064
34236,131.4275346
34237,125.5811181
34238,135.637302
34240,148.8188075
34241,180.2785348
34242,205.6734244
34243,196.3905984
34244,203.2469004
34245,143.2640611
34246,249.2950603
34247,261.6190572
34248,270.9540109
34249,289.4134518
34250,326.4819921
34251,377.1259172
34252,378.4602516
34253,357.8394781
34254,363.0275259
34255,353.5370031
34256,335.1278468
34257,289.7670232
34258,296.7180048
34259,302.6749669
34260,316.821353
34261,106.8975593
34262,70.37668601
34263,104.8808306
34264,76.33006156
34265,35.64440669
34266,23.59233255
34267,17.25737047
34268,8.670577143
34269,7.909004811
34270,9.050427886
34271,8.612504669
34272,10.75950805
34273,9.062646038
34274,9.008653237
34275,10.27611589
34276,11.43504573
34277,9.605129423
34278,16.26552349
34279,9.110295707
34280,12.18095874
34281,18.01684606
34282,20.33057332
34283,29.3330579
34284,31.2301227
34285,38.18386721
34286,37.75488876
34287,38.15620117
34288,38.55600686
34289,45.87183888
34290,46.868608
34291,44.676588
34292,106.4159645
34293,130.9782061
34294,176.4336409
34295,286.3854931
34296,244.5957061
34297,402.0045482
34298,471.8497208
34299,494.5953007
34300,229.5323899
34301,332.3484775
34302,497.9411669
34303,562.6113619
34304,433.9314184
34305,397.7029567
34306,331.3602935
34307,304.6854129
34308,302.134987
34309,302.5033918
34310,295.4868214
34311,265.5222343
34312,274.3353757
34313,270.5743139
34314,280.5555001
34315,299.7234218
34316,328.8184213
34317,293.8325782
34318,292.3446168
34319,328.843158
34320,346.2097382
34321,328.6471097
34322,332.8916297
34323,228.5336688
34324,38.70434265
34325,19.48873081
34326,8.530565249
34327,14.27478008
34328,11.24268464
34329,12.56102055
34330,18.79840966
34331,12.57155742
34332,15.95506076
34333,16.39346749
34334,13.18580864
34335,12.08582369
34336,14.40352404
34337,10.90320371
34338,9.93620453
34339,8.773032563
34340,7.710643383
34341,10.63990078
34342,6.23139389
34343,7.817014011
34344,8.059246494
34345,5.265552705
34346,5.771503515
34347,5.790268927
34348,3.425976817
34349,3.351414613
34350,2.771468093
34351,3.79930321
34352,3.808918557
34353,4.593936054
34354,2.962132791
34355,6.162387043
34356,3.932707114
34357,5.466346577
34358,6.142643074
34359,7.846744283
34360,10.48431581
34361,7.535018149
34362,19.40556624
34363,68.08586814
34364,49.10692066
34365,46.20846842
34366,34.98841001
34367,33.60217751
34368,41.91082929
34369,37.71108332
34370,60.03267426
34371,55.93427974
34372,51.40725886
34373,44.01151845
34374,59.70168836
34375,65.39831282
34376,79.00722916
34377,80.13086538
34378,57.61806041
34379,52.44134684
34380,51.22762855
34381,50.92572461
34382,53.14792798
34383,67.77305306
34384,67.51025657
34385,67.56088433
34386,40.31059163
34387,33.28846781
34388,74.47212664
34389,93.93747055
34390,30.56045506
34391,6.960137066
34392,6.493423263
34393,7.696416597
34394,6.394275372
34395,7.911490951
34396,9.721917737
34397,9.050359324
34398,10.76587885
34399,8.262183599
34400,8.29381075
34401,8.073248777
34402,5.423554275
34403,6.503935711
34404,7.578281719
34405,13.88890736
34406,9.171907657
34407,12.54125116
34408,16.61320763
34409,16.59035698
34410,24.55961501
34411,43.20132357
34412,47.60634573
34413,85.264687
34414,94.06955312
34415,108.6407718
34416,128.4110411
34417,174.9599904
34418,179.0074283
34419,158.534212
34420,120.6488391
34421,50.91775551
34422,67.27808748
34423,53.12945037
34424,33.00189346
34425,31.28582229
34426,37.56196109
34435,98.28428725
34436,128.9414193
34437,147.2312638
34438,167.8849869
34439,168.0509862
34440,169.9936687
34441,190.4291353
34442,189.1922293
34443,166.0112764
34444,199.27207
34445,197.2174547
34446,97.54007839
34447,74.70235113
34448,60.18255039
34449,69.0502516
34450,67.46467746
34451,52.55068022
34452,57.09585155
34453,74.95944463
34454,92.60859185
34455,113.6907056
34456,155.3782471
34457,203.7500818
34458,237.4843852
34459,157.9692419
34460,276.8235885
34461,299.245886
34462,315.5910493
34463,323.7382616
34464,317.0136228
34465,315.5622895
34466,312.5689758
34467,310.5106387
34468,322.6421901
34469,346.0442079
34470,358.9024668
34471,365.9069367
34472,343.1199887
34473,341.6867076
34474,292.9996893
34475,188.7563413
34476,284.7287618
34477,286.7334107
34478,305.8414906
34479,238.2786664
34480,330.4277628
34481,258.576517
34482,336.8552886
34483,359.376458
34484,362.7506375
34485,76.11572805
34486,32.5701394
34487,8.472064005
34488,7.017817273
34489,12.38411022
34490,13.6928601
34491,14.94564322
34492,17.75448062
34493,15.84579437
34494,15.54847142
34495,15.21094486
34496,13.18803602
34497,11.03948092
34498,8.90323384
34499,8.44004131
34500,7.388903557
34501,8.709049644
34502,8.739573249
34503,6.428347196
34504,10.19048927
34505,13.07054094
34506,14.42355579
34507,10.43885427
34508,10.66699881
34509,9.802056805
34510,10.11814472
34511,11.21722241
34512,10.76897286
34513,12.90793485
34514,12.26142868
34515,10.09229741
34516,11.58227964
34517,8.645285426
34518,8.889173907
34519,8.796002381
34520,10.39585682
34521,11.24376076
34522,10.46336995
34523,9.291548661
34524,9.034384192
34525,10.57330433
34526,10.38152961
34527,13.59819003
34528,13.75580725
34529,16.67008822
34530,17.50113191
34532,23.05858037
34533,20.60727385
34534,29.56597635
34535,28.2021094
34536,42.98537389
34537,68.12845612
34538,78.93330208
34539,77.28260411
34540,77.12088719
34541,78.4486473
34542,78.89508004
34543,64.89152765
34544,71.48156183
34545,66.13066852
34546,80.44261476
34547,77.2440531
34548,61.20284513
34549,48.18802953
34550,40.4615485
34551,48.74693569
34552,50.56436427
34553,61.59388767
34554,117.4335914
34555,144.2173149
34556,145.240664
34557,133.9902161
34558,153.3106131
34559,154.3144354
34560,126.5668573
34561,142.4933442
34562,140.8975567
34563,143.1582065
34564,131.5077662
34565,94.30138499
34566,111.0435307
34567,72.30495106
34568,34.16650999
34569,26.24372078
34570,8.984180783
34571,10.59589307
34572,11.90588338
34573,11.98856339
34574,17.52004774
34575,15.42074086
34576,14.99983368
34577,14.31482405
34578,9.090152944
34579,9.597205146
34580,10.2610415
34581,9.852344157
34582,8.789189891
34583,11.26719902
34584,10.89418053
34585,9.899318847
34586,8.785844247
34587,8.595759497
34589,8.040041336
34590,7.020631146
34591,7.841208114
34592,7.008606694
34593,7.993853296
34594,5.346134625
34595,7.90629387
34596,9.189261167
34597,9.410713706
34598,9.29127389
34599,13.03268592
34600,13.25884086
34601,11.49757723
34602,10.24220246
34603,9.233953659
34604,9.466131305
34605,9.683556733
34606,10.73926752
34607,9.36283525
34608,10.61002105
34609,10.57935056
34610,11.28535412
34611,12.06305123
34612,9.620732345
34613,8.947319664
34614,6.553789792
34615,8.170002506
34616,12.19877787
34617,9.921937588
34618,11.55125675
34619,8.444252221
34620,7.54854682
34621,9.821426983
34622,9.902874391
34623,10.22514447
34624,12.3074116
34625,11.33322117
34626,10.33021959
34627,11.37900794
34628,13.58381771
34629,13.14743239
34630,13.03034226
34631,14.5461094
34632,17.26525104
34633,12.09540885
34634,12.65583092
34635,16.22968247
34636,20.24830619
34637,15.03631187
34638,13.6650998
34639,15.64500181
34640,16.75088186
34641,27.60958836
34642,30.23252619
34643,16.22257614
34644,27.24706802
34645,14.53595588
34646,11.67697751
34647,12.63104092
34648,12.40276835
34649,19.85853272
34650,38.88564188
34651,44.25182271
34652,67.03420932
34653,143.7998015
34654,110.9635886
34655,302.1474607
34656,408.3462996
34657,335.9051186
34658,334.2646428
34659,318.3038927
34660,189.2676635
34661,100.4075843
34662,84.03946511
34663,67.01257867
34664,118.4385808
34665,195.4097435
34666,193.7136337
34667,168.2469176
34668,209.9978007
34669,194.2494461
34670,184.6104376
34671,134.1745421
34672,179.1825258
34673,151.5755183
34674,143.1877714
34675,168.4232912
34676,153.6226819
34677,154.7986286
34678,182.3438636
34679,115.7960903
34680,209.2141141
34681,235.9628853
34682,250.2437093
34683,285.5028998
34684,266.0656144
34685,256.9958925
34686,128.0600106
34687,120.038979
34688,133.5678475
34689,97.84388319
34690,72.91828381
34691,59.25772692
34692,44.36676148
34693,25.65547514
34694,16.15061986
34695,16.18850389
34696,20.87340433
34697,20.08237753
34698,29.3258688
34699,33.38718949
34700,108.9036112
34701,129.3175032
34702,168.6390196
34703,201.6714282
34704,172.8035534
34705,136.4543771
34706,68.75788127
34707,154.2993917
34708,152.2867764
34709,164.7695829
34710,169.0639256
34711,141.9941106
34712,160.2974773
34713,162.6584155
34714,174.8615455
34715,208.6043304
34716,228.9376186
34717,253.9551765
34718,106.783155
34719,130.3067846
34720,196.293784
34721,233.5417102
34722,177.0875893
34723,221.7307005
34724,230.252697
34725,180.6392453
34726,266.5697604
34727,266.7928636
34728,280.2811809
34729,241.333427
34730,285.3798871
34731,278.7124561
34732,266.4202742
34733,255.8564031
34734,256.3945533
34735,259.0874049
34736,237.2502583
34737,232.9887507
34738,257.4510799
34739,249.7758013
34740,265.3048054
34741,250.9951231
34742,116.8263598
34745,175.7684239
34746,214.0647763
34747,235.0746645
34748,262.2187897
34749,273.616688
34750,261.9516879
34751,278.8710419
34752,263.0772727
34753,279.1866794
34754,287.7917239
34755,276.6261598
34756,276.0584413
34757,270.2175819
34758,271.2108229
34759,274.0260083
34760,223.210529
34761,172.2365963
34762,106.5556969
34763,70.95535288
34764,29.4933085
34765,28.74041889
34766,25.26140383
34767,11.31068018
34768,12.00609047
34769,10.53411611
34770,10.47158014
34771,12.04946525
34772,14.07450751
34773,12.71077807
34774,12.06702676
34775,11.72286359
34776,7.835282462
34777,9.439227922
34778,9.180616739
34779,6.702291039
34780,7.25442135
34781,8.132958648
34782,9.862942582
34783,9.049499812
34784,11.26369014
34785,11.41983709
34786,9.328691754
34787,8.824756023
34788,8.838524499
34789,8.167916157
34790,8.450119259
34791,9.286240667
34792,13.24364394
34793,21.44396981
34794,29.12804951
34795,36.15528849
34796,59.0063825
34797,56.68417425
34798,55.50177857
34799,66.15461115
34800,55.57469901
34801,61.64083734
34802,83.79041254
34803,90.47563015
34804,92.96096117
34805,102.3469963
34806,115.6626176
34807,110.639047
34808,106.0018453
34809,114.0986257
34810,78.43408205
34811,91.33323222
34812,99.05664779
34813,88.25259476
34814,95.6683168
34815,98.61541067
34816,88.01402275
34817,98.5029169
34818,79.73796091
34819,74.05720359
34820,84.62358627
34821,136.9304731
34822,160.057592
34823,133.2031384
34824,145.4459693
34825,132.4243889
34826,139.3627798
34827,114.6089234
34828,163.7279112
34829,110.6444627
34830,164.6877649
34831,170.8955128
34832,175.4192239
34833,175.9742151
34834,158.2124027
34835,182.315499
34836,191.6733416
34837,162.455112
34838,199.8840272
34839,115.2408212
34840,71.66254281
34841,21.68655662
34842,35.03060675
34843,32.32198627
34844,12.41963706
34845,30.37996465
34846,20.95543888
34847,13.62558993
34848,5.638679012
34849,-3.411468263
34850,4.569927495
34851,3.562901929
34852,4.125636428
34853,4.714954341
34854,2.073001844
34855,1.940644436
34856,2.503143906
34857,6.191981746
34858,4.097744
34859,5.778486498
34860,4.127647757
34861,8.28309366
34862,7.76179713
34863,11.05278082
34866,6.605522077
34868,9.437913474
34869,25.15381656
34870,19.59200078
34871,29.57434694
34872,23.94069194
34875,17.51728708
34876,44.25644847
34879,67.84670561
34882,53.80136823
34883,60.03467421
34885,40.84538711
34887,46.80980938
34888,34.33976667
34889,37.87582545
34890,47.13213406
34891,45.37918146
34892,58.16617264
34893,78.45517759
34894,76.08981456
34895,60.51027362
34896,45.52346115
34897,46.89270248
34898,65.18350308
34899,66.04426394
34900,70.64948794
34901,72.45777628
34902,85.70068215
34903,84.42484454
34904,86.03396154
34905,98.0311436
34906,99.4798961
34907,109.8276209
34908,119.5175724
34909,123.5283667
34910,117.0973521
34911,116.8014918
34912,110.7314131
34915,44.81075268
34916,16.30150176
34917,12.84877509
34918,17.2374434
34919,17.69494171
34920,13.77805935
34921,10.8063087
34922,11.21943041
34923,10.81902219
34924,12.76443365
34925,13.4336534
34926,14.5739222
34927,14.43237787
34928,7.891501189
34929,16.30451496
34930,13.65769695
34931,16.52793461
34932,18.1536788
34933,14.07166647
34934,11.12340573
34935,9.173132627
34936,22.53560045
34937,28.76889809
34938,26.17469983
34939,31.02975533
34940,36.71688411
34941,46.56435253
34942,38.85399598
34943,43.03732948
34944,44.40262017
34945,42.16266998
34946,66.29741328
34947,96.75812132
34948,82.82764468
34949,73.39351341
34950,44.89345183
34951,31.41196903
34952,21.93529371
34953,19.49965914
34954,22.11213181
34955,17.21904587
34956,18.141626
34957,17.01050131
34958,16.45523512
34959,16.36418749
34960,17.24301992
34961,14.6690628
34962,10.38946768
34963,12.76201024
34964,12.13470611
34965,15.27695984
34966,14.65427009
34967,15.97088758
34968,16.53717936
34969,20.12899343
34970,13.40338803
34971,8.637451249
34972,8.16513719
34973,8.077848074
34974,8.995751043
34975,8.596717757
34976,13.94653655
34977,14.02707605
34978,15.94554804
34979,14.790702
34980,9.989517698
34981,9.852799089
34982,9.664079403
34983,10.24933257
34984,11.1721073
34985,12.35727155
34986,12.71737328
34987,11.3970521
34988,14.62013373
34989,16.31610647
34990,19.79702911
34991,23.99948674
34992,22.59882139
34993,17.70717659
34994,16.04409794
34995,14.19614148
34996,16.35121718
34997,21.83275641
34998,24.75600717
34999,17.23475521
35000,23.66414457
35001,26.18046433
35002,20.66321435
35003,23.19126363
35004,23.65406183
35005,19.54648576
35006,16.07663877
35007,22.04762677
35008,28.26126881
35009,28.80911507
35010,25.86815859
35011,23.1212578
35012,27.92219066
35013,38.93947831
35014,44.37142711
35015,51.4754179
35016,44.09364331
35017,47.11285182
35018,30.27568375
35019,71.1360767
35020,98.10509706
35021,117.6623786
35022,115.3375984
35023,152.2937506
35024,114.311962
35025,103.2722904
35026,103.1843063
35027,113.2854306
35028,117.133052
35029,107.9352648
35030,117.1781436
35035,43.41481112
35036,24.37697781
35037,60.97907121
35038,51.60399505
35039,65.10038481
35040,76.14723131
35041,65.67955978
35042,18.94169274
35043,11.23710326
35044,10.16754455
35045,13.10833137
35046,12.35868147
35047,5.596049339
35048,14.23565768
35049,15.97722512
35050,12.19740454
35051,9.988191424
35052,7.38767389
35053,10.28891903
35054,8.230516589
35055,4.621814584
35056,8.363004891
35057,7.973576412
35058,10.84214667
35059,9.296376668
35060,12.58047743
35061,17.15755708
35062,24.15022642
35063,28.31299731
35064,31.9667336
33649,291.9546888
33650,400.4820192
33651,363.9999787
33652,367.0631907
33653,367.5611174
33654,353.6396865
33655,348.865141
33656,359.100101
33657,404.431084
33658,412.0840115
33659,433.9837785
33660,444.6489281
33661,469.1455618
33662,485.5891873
33663,482.5062578
33664,465.9718325
33665,463.7031921
33666,461.7640805
33667,470.3396203
33668,459.9231316
33669,413.0809143
33670,413.8999609
33671,411.7749772
33672,446.7982927
33673,451.8207718
33674,439.7048795
33675,357.5224616
33676,211.0835616
33677,178.8555502
33678,150.8779816
33679,54.48386588
33680,30.62928546
33681,19.74743729
33682,4.387595813
33683,11.45477669
33684,54.44132209
33685,141.3287172
33686,161.4669092
33687,156.5546704
33688,160.1298632
33689,160.5608076
33690,157.6346729
33691,120.9819363
33692,118.3766652
33693,102.3186733
33694,100.3772475
33695,142.6932132
33696,147.4730714
33697,172.5240408
33698,197.5288701
33699,222.8109753
33700,234.4007014
33701,229.3406677
33702,225.7494435
33703,237.8874938
33704,228.6857609
33705,199.8013034
33706,181.7330438
33707,139.7911412
33708,159.3673056
33709,182.6421244
33710,180.87801
33711,159.8760381
33712,183.1431545
33713,103.3760166
33733,188.0061037
33734,136.4618603
33735,183.682063
33736,230.5068812
33737,246.4203851
33738,326.1903633
33739,323.4472492
33740,338.3495148
33741,338.0860489
33742,372.4438733
33743,349.5819709
33744,329.3855615
33745,260.2639753
33746,195.7750671
33747,166.5753515
33748,159.5288469
33749,171.3550562
33750,299.3530719
33751,356.3172158
33752,349.254522
33753,316.0747913
33754,283.6113036
33755,268.4677873
33756,235.4376348
33757,211.907671
33758,183.9401845
33759,188.4411016
33760,164.3072708
33761,160.1215693
33762,101.6406826
33763,102.8538081
33764,162.3852813
33765,181.8050572
33766,178.3645677
33767,178.1770023
33768,172.9239622
33769,187.6644709
33770,173.627312
33771,164.7701769
33772,176.4419001
33773,186.7982986
33774,174.1143053
33775,164.4175706
33776,158.887582
33777,161.9500682
33778,153.8372966
33779,157.7603411
33780,181.1934569
33781,176.1562376
33782,193.0248859
33783,201.4271003
33784,209.4891637
33785,214.1163033
33786,197.1199359
33787,205.1648137
33788,201.7836852
33789,197.7726148
33790,187.3494867
33791,106.2764159
33792,190.8811282
33793,204.7731584
33794,204.4454685
33795,124.1952908
33796,197.719472
33797,195.7637962
33798,182.3248262
33799,171.9197573
33800,112.4380109
33801,108.9719564
33802,160.955252
33803,107.9389391
33804,138.794443
33805,155.4423773
33806,160.9128341
33807,141.3142897
33808,132.4947903
33809,117.2808094
33810,123.0198858
33811,122.8783648
33812,123.4659446
33813,119.7358522
33814,115.05076
33815,121.6871159
33816,139.1802262
33817,152.7493089
33818,80.07497944
33819,26.03965125
33820,15.00769885
33821,13.45197025
33822,10.98559972
33823,11.08594503
33824,10.09034431
33825,10.15281646
33826,11.82867941
33827,12.95179244
33828,18.23502192
33829,17.40742553
33830,15.03607286
33831,11.17675944
33832,19.50479273
33833,15.46511256
33834,13.41626446
33835,13.97148371
33836,13.931356
33837,11.20083956
33838,11.76404399
33839,9.130556094
33840,9.691535446
33841,9.517666282
33842,8.564813143
33843,9.045372419
33844,7.697455474
33845,7.185600832
33846,6.117122538
33847,5.942442126
33848,7.100180802
33849,7.831037373
33850,8.775303565
33851,7.814371962
33852,9.959324683
33853,11.0110464
33854,15.38664964
33855,17.34039919
33857,23.94897583
33858,35.05963647
33859,41.79220901
33860,67.38192942
33861,109.6783644
33862,90.87966125
33863,141.6068183
33864,97.21146075
33865,31.2377648
33866,12.24401727
33867,12.18849595
33868,5.283839281
33869,4.103496222
33870,6.08129009
33871,5.897858747
33872,5.7042118
33873,6.778353468
33874,7.363857467
33875,6.917692208
33876,8.79953122
33877,6.836191658
33878,8.120545799
33879,11.09931555
33880,10.55946008
33881,10.10334331
33882,12.55064607
33883,27.18605717
33884,42.19013798
33885,65.83670873
33886,67.83951483
33887,70.8019642
33888,93.79269004
33889,113.3344344
33890,107.6099031
33891,103.1659331
33892,89.79446485
33893,76.31051298
33894,74.42030091
33895,65.25367828
33896,60.77281576
33897,79.11346575
33898,99.01355619
33899,71.94946211
33900,70.69955401
33901,64.07560897
33902,70.50897921
33903,69.51245237
33904,55.76564035
33905,93.02693464
33906,89.33555465
33907,80.19557127
33908,85.13012908
33909,106.4569385
33910,69.13993204
33911,25.41777723
33912,19.7833313
33913,13.1423344
33914,15.81756356
33915,10.72193989
33916,10.42610268
33917,17.15364042
33918,19.48961973
33919,16.77101723
33920,10.31306817
33921,19.76714526
33922,15.3741708
33923,21.84493664
33924,23.19698778
33925,27.30975357
33926,43.98360013
33927,62.91809324
33928,78.0079033
33929,76.61907631
33930,92.54802908
33931,103.6759181
33932,118.5946695
33933,115.8709717
33934,34.90153838
33935,21.08085001
33936,16.21281833
33937,16.08441869
33938,10.73699978
33939,7.675064241
33940,9.244696112
33941,9.217762626
33942,8.397730653
33943,7.137819935
33944,10.01099456
33945,10.30507915
33946,14.90817229
33947,13.48991225
33948,12.55688798
33949,13.16327915
33950,16.08529724
33951,11.36430196
33952,20.24855346
33953,9.923211157
33954,11.80795571
33955,12.20453495
33956,11.05223789
33957,16.55956197
33958,15.16326212
33959,16.97379845
33960,14.0199888
33961,14.99634651
33962,14.73353761
33963,19.43007641
33964,14.66559431
33965,15.3676166
33966,13.77199393
33967,10.73526445
33968,15.50273128
33969,15.77717231
33970,22.46525376
33971,25.55641804
33972,22.77932428
33973,17.23633708
33974,10.11344953
33975,17.26836638
33976,13.28952999
33977,13.84457789
33978,21.52437244
33979,25.56539156
33980,32.17675906
33981,59.42956587
33982,95.62345153
33983,59.3616543
33984,52.20757339
33985,35.92832036
33986,59.36362051
33987,43.20833588
33988,42.35143783
33989,44.29679551
33990,30.89427156
33991,26.35909855
33992,33.29250509
33993,34.72856282
33994,33.04187452
33995,34.9483755
33996,43.91296472
33997,44.36883949
33998,48.22960166
33999,48.83238377
34000,55.57739532
34001,52.01305175
34002,65.10683633
34003,75.39306672
34004,81.74057293
34005,86.574291
34006,81.55064081
34007,82.41157871
34008,83.86553589
34009,82.07299241
34010,87.31337591
34011,75.43567568
34012,78.77878829
34013,83.73507946
34014,82.83948054
34015,98.45586141
34016,92.38744858
34017,104.5186766
34018,77.98904863
34019,69.11802333
34020,84.00106901
34021,91.09737494
34022,77.96310951
34023,83.1741286
34024,82.6313284
34025,85.61600451
34026,94.74776234
34027,107.3882821
34028,97.77359477
34029,121.530198
34030,125.9302714
34031,116.9278138
34032,105.4062184
34033,100.6472744
34034,120.3405842
34035,130.462155
34036,142.6970291
34037,132.2526938
34038,116.844731
34039,125.6100823
34040,133.9895995
34041,143.1476091
34042,152.7608088
34043,166.755307
34044,137.8278683
34045,144.3052598
34046,143.8395192
34048,63.03955642
34049,106.2555973
34050,131.0552228
34051,169.790769
34052,169.0943372
34053,166.6608135
34054,164.7071394
34055,165.4124934
34056,133.1026231
34057,64.16498396
34058,26.85679572
34059,25.50241306
34060,31.46714574
34061,39.71253888
34062,19.22763463
34063,15.17017825
34064,15.03614144
34065,15.39332748
34066,14.92545008
34067,15.94012097
34068,11.57989282
34069,12.57428283
34070,13.91179494
34071,16.97411345
34072,28.80564017
34073,45.35479453
34074,36.71431822
34075,30.69450862
34076,26.11771586
34077,23.01947372
34078,23.13169758
34079,25.58371519
34080,34.42907664
34081,57.8082302
34082,89.30826189
34083,93.10098221
34084,90.44672671
34085,89.33835739
34086,108.3448322
34087,68.10643233
34088,123.0891418
34089,97.74530699
34090,89.51672876
34091,132.1331959
34092,25.3824872
34093,23.48947649
34094,15.00369611
34095,4.845680176
34096,7.148418196
34097,6.508617136
34098,24.05642776
34099,10.15382911
34100,5.274379088
34101,5.932893422
34102,6.125070897
34103,5.635895159
34104,4.312740612
34105,6.167744859
34106,7.913428084
34107,4.315767295
34108,6.433217957
34109,6.646035184
34110,5.666490449
34111,6.391316416
34112,6.845477469
34113,8.339203077
34114,11.47965563
34115,18.74425031
34116,13.15353432
34117,15.04138409
34118,10.91757395
34119,18.69295437
34120,17.14293017
34121,14.87166183
34122,14.17180164
34123,15.56731735
34124,22.21404436
34125,30.4793788
34126,37.48544659
34127,50.15954805
34128,51.77029846
34129,53.593675
34130,56.08365209
34131,60.98900961
34132,85.85779558
34133,87.46660234
34134,63.6246149
34135,25.16789218
34136,10.01263687
34137,7.011145038
34138,5.734557209
34139,5.705430365
34140,9.548814128
34141,9.916077663
34142,10.07280824
34143,7.658749521
34144,9.077265881
34145,7.477928305
34146,7.862323018
34147,9.007845758
34148,9.860862704
34149,10.80294574
34150,8.55295651
34151,11.00893804
34152,10.14878216
34153,8.087165135
34154,8.149422731
34155,13.07331927
34156,12.27234311
34157,11.75010531
34158,12.99541423
34159,12.47895813
34160,7.227406305
34161,9.293467322
34162,14.06321771
34163,11.09308916
34164,17.08275493
34165,17.53193927
34166,19.72331365
34167,24.8297596
34168,29.28306977
34169,36.78112211
34170,48.20312754
34171,63.44632267
34172,72.4939769
34173,80.01217699
34174,48.79938527
34175,38.32917283
34176,14.69096675
34177,14.64786406
34178,14.86735091
34179,9.200855061
34180,10.08297126
34181,7.826130296
34182,7.871839007
34183,8.555868651
34184,9.319755743
34185,9.247450387
34186,8.944725233
34187,16.32617858
34188,11.87134985
34189,9.348757819
34190,12.5197688
34191,18.04907921
34192,36.4250533
34193,32.90736332
34194,29.43794159
34195,21.8588483
34196,30.30479293
34197,39.21870638
34198,51.24985909
34199,60.37312973
34200,77.80716809
34201,73.04866273
34202,84.73801616
34203,77.48956464
34204,63.09940274
34205,63.02213158
34206,68.97499284
34207,85.77022972
34208,84.81929082
34209,71.17216513
34210,28.74259037
34211,23.87852722
34212,31.10924796
34213,46.4945148
34214,42.48529015
34215,57.49196479
34216,81.09914618
34217,104.5340339
34218,109.5523989
34219,115.2472055
34220,117.0624798
34221,112.3738847
34222,101.8540813
34223,117.7674748
34224,115.9171864
34225,114.9499413
34226,108.2277506
34227,130.1340659
34228,153.4209451
34229,189.8263771
34230,195.226668
34231,194.578667
34232,180.7891427
34233,154.6723849
34234,145.4650353
34235,148.9346522
34236,148.5226732
34237,122.6170979
34238,130.1433557
34240,143.4811743
34241,170.2025586
34242,192.4049404
34243,197.726236
34244,183.0057586
34245,198.8235696
34246,215.3480069
34247,231.7898016
34248,239.2070679
34249,244.5069503
34250,254.5605634
34251,298.7890755
34252,290.6618706
34253,277.4026084
34254,274.8999912
34255,271.1176292
34256,269.7964239
34257,244.2737582
34258,240.0441695
34259,234.0081734
34260,234.5111728
34261,247.6427988
34262,191.0167482
34263,127.1409915
34264,46.05973566
34265,28.43815679
34266,16.40970423
34267,10.3385083
34268,12.76234338
34269,11.03688472
34270,11.73146983
34271,13.28417422
34272,10.82564027
34273,9.027248312
34274,57.94347592
34275,31.77988558
34276,8.381509858
34277,27.14415611
34278,27.99428197
34279,20.44777778
34280,17.78195678
34281,23.27175877
34282,18.30703805
34283,25.97087593
34284,24.28681757
34285,26.30920474
34286,39.79075666
34287,38.67621665
34288,31.39922551
34289,29.95835732
34290,27.64193573
34291,48.1548162
34292,57.93778537
34293,79.63291451
34294,130.1753387
34295,189.1702835
34296,251.9681913
34297,318.0450937
34298,366.7080936
34299,449.7135126
34300,409.7711653
34301,331.5608463
34302,456.9233763
34303,496.137737
34304,501.4520356
34305,424.8971951
34306,392.6336728
34307,334.1072698
34308,345.6354598
34309,278.8872303
34310,266.9171203
34311,256.2128672
34312,259.7416215
34313,221.0826953
34314,244.9095365
34315,254.4702958
34316,251.0297581
34317,275.1787464
34318,262.5432545
34319,314.3235959
34320,320.6384504
34321,302.8189719
34322,279.1112211
34323,182.8278982
34324,39.19137569
34325,13.59121271
34326,10.4892625
34327,12.97700696
34328,9.731106265
34329,12.26371252
34330,9.823490683
34331,8.593145823
34332,10.66689348
34333,13.74553099
34334,8.156815501
34335,9.068758103
34336,10.595849
34337,8.844724504
34338,20.1897964
34339,9.132061738
34340,10.80406772
34341,8.677510466
34342,8.400626011
34343,8.16797413
34344,8.113877493
34345,5.043380735
34346,6.513374821
34347,5.713662762
34348,4.797082126
34349,4.264966209
34350,4.90273764
34351,6.383967296
34352,7.216983247
34353,7.603647001
34354,6.612604784
34355,7.087171953
34356,8.424679464
34357,7.835767752
34358,6.561999379
34359,7.603624504
34360,12.45537269
34361,8.30425142
34362,50.37929251
34363,59.83314882
34364,39.76532422
34365,35.93591015
34366,35.99694533
34367,44.1010838
34368,45.83171678
34369,41.93398264
34370,101.2996135
34371,80.47315933
34372,75.65065747
34373,68.93951173
34374,63.20107691
34375,67.20319355
34376,75.01140363
34377,68.14548851
34378,47.39525821
34379,50.42343263
34380,50.20641404
34381,70.27086726
34382,56.99482412
34383,91.40447653
34384,60.43419795
34385,54.28385474
34386,34.67109292
34387,45.72422986
34388,66.56840886
34389,101.6762299
34390,56.44913361
34391,11.89853935
34392,13.59472262
34393,13.3791533
34394,14.13437838
34395,14.57158977
34396,13.76120521
34397,9.859615225
34399,9.639715355
34400,8.645882328
34401,8.270871612
34402,7.483273007
34403,9.800384841
34404,8.441659071
34405,11.71219149
34406,12.36583003
34407,15.74455946
34408,15.53131573
34409,16.60504056
34410,26.83913658
34411,28.75198872
34412,45.60965579
34413,63.16197445
34414,96.763855
34415,100.84088
34416,137.5385942
34417,154.2660905
34418,154.4326793
34419,110.3244715
34420,120.6116673
34421,104.5609969
34422,46.97783977
34423,31.89046683
34424,25.72434884
34425,20.23273673
34426,17.13636974
34427,20.48356973
34428,30.49957747
34429,47.88781247
34430,44.02348313
34431,54.68810215
34432,56.73453075
34433,57.96506611
34434,85.12354282
34435,87.56337936
34436,113.0602985
34437,139.2647913
34438,141.170752
34439,143.6167837
34440,140.0523494
34441,138.7611971
34442,129.9640265
34443,127.363917
34444,119.782257
34445,148.3819738
34446,116.7325886
34447,78.15269243
34448,66.85003272
34449,77.42446875
34450,80.48538471
34451,62.49667223
34452,62.92756458
34453,69.97345137
34454,90.64472002
34455,97.23681727
34456,134.3991959
34457,196.9252736
34458,220.0808029
34459,227.8931605
34460,255.6518489
34461,285.382888
34462,302.506421
34463,307.1696443
34464,294.2311994
34465,290.1305803
34466,263.9555683
34467,221.3905428
34468,287.5369442
34469,278.3356286
34470,254.7824775
34471,273.6154215
34472,277.6378956
34473,267.9021682
34474,267.4544152
34475,255.4789533
34476,192.5685561
34477,280.7111773
34478,255.0972044
34481,316.7823242
34482,296.9407954
34483,306.7113117
34484,279.080744
34485,100.0279876
34486,13.60865924
34487,7.872392823
34488,6.822827203
34489,10.76861411
34490,13.58796489
34491,12.11568426
34492,11.17528604
34493,14.22278439
34494,14.52033742
34495,11.75299186
34496,9.461400614
34497,10.75042487
34498,9.525788442
34499,8.987116485
34500,8.15813939
34501,11.93069623
34502,12.48494276
34503,11.48486405
34504,14.61142848
34505,14.86397246
34506,15.70824443
34507,11.01991274
34508,10.48637209
34509,9.216505322
34510,15.32392763
34511,14.9190162
34512,12.30009594
34513,12.44582273
34514,13.6507593
34515,12.27123714
34516,11.19357049
34517,11.25348735
34518,10.67185067
34519,8.090907634
34520,9.387616279
34521,11.80430037
34522,10.3383853
34523,9.422988414
34524,9.173696416
34525,11.47983954
34526,14.46330404
34527,26.34580516
34528,14.91210168
34529,21.93140679
34530,16.91092368
34531,19.22605166
34532,24.73776228
34533,22.74663105
34534,28.27116292
34535,30.22546309
34536,26.91709847
34537,34.25541199
34538,51.77236074
34539,62.0081959
34540,48.25916859
34541,80.29940693
34542,67.43960322
34543,63.56451707
34544,74.33454639
34545,65.81619582
34546,79.90383774
34547,57.1913135
34548,42.15890403
34549,40.44727492
34550,40.36031469
34551,43.9235589
34552,44.5209707
34553,69.94679998
34554,96.19154329
34555,121.4092031
34556,128.8837611
34557,115.562382
34558,116.3941826
34559,124.8576682
34560,118.0341544
34561,82.62549333
34562,107.4783277
34563,101.236259
34564,103.5709439
34565,110.9121617
34566,58.3783765
34567,32.6850597
34568,23.82388351
34569,12.43426096
34570,10.44431738
34571,13.27756344
34572,17.19192188
34573,15.93838881
34574,18.40799329
34575,15.13454643
34576,20.81560964
34577,15.30207748
34578,18.38772234
34579,17.98531596
34580,10.65829527
34581,11.52963532
34582,8.060765636
34583,10.2722173
34584,11.04564172
34585,12.78766513
34586,13.08446456
34587,11.76574834
34589,10.91573123
34590,10.30543709
34591,11.64960464
34592,10.90410408
34593,12.03037735
34594,5.501519916
34595,7.268620406
34596,12.56862986
34597,7.55222363
34598,10.92728357
34599,11.8881168
34600,14.48960084
34601,10.30637816
34602,10.83263562
34603,9.658064744
34604,11.906463
34605,12.92312004
34606,7.876890499
34607,8.015007698
34608,7.958077528
34609,8.124310367
34610,7.659383201
34611,9.003968517
34612,19.4692664
34613,9.895801097
34614,4.677369121
34615,7.201181042
34616,7.455583807
34617,8.97392195
34618,10.23572848
34619,8.462645749
34620,6.504603042
34621,7.216519854
34622,9.150134896
34623,11.6525078
34624,13.20419484
34625,13.25228464
34626,11.02527324
34627,9.80563255
34628,10.79421071
34629,14.18271763
34630,11.8356436
34631,13.72944103
34632,12.63488773
34633,11.89499417
34634,14.05517255
34635,13.73981359
34636,12.06101095
34637,13.99333444
34638,14.94768007
34639,13.85187842
34640,27.14159105
34641,15.92269735
34642,28.78506794
34643,21.1940767
34644,21.05831032
34645,14.17134322
34646,11.73132271
34647,11.96751127
34648,13.55297834
34649,24.68828116
34650,37.90342243
34651,31.9421014
34652,48.27125269
34653,81.97970385
34654,162.8112334
34655,285.0332938
34656,205.2116517
34657,234.3876683
34658,233.2390668
34659,178.725177
34660,145.130006
34661,46.14913624
34662,44.44847577
34663,46.28849997
34664,24.92650647
34665,76.1863513
34666,175.075629
34667,166.09022
34668,169.0818624
34669,143.6462041
34670,126.6547142
34671,111.8754905
34672,109.8131279
34673,75.87022959
34674,107.9708228
34675,133.8580141
34676,115.9228206
34677,134.7643878
34678,154.8295915
34679,153.3406694
34680,161.1072816
34681,193.6761846
34682,233.0298817
34683,247.8365472
34684,251.0268418
34685,225.3274387
34686,206.0084872
34687,176.7530696
34688,135.4635579
34689,73.58579683
34690,86.60903696
34691,63.29559957
34692,40.76139836
34693,22.44302798
34694,17.62509449
34695,15.72776103
34696,14.80817778
34697,16.3707935
34698,21.97123188
34699,22.1631182
34700,29.54250653
34701,89.1864664
34702,119.6082808
34703,176.4645942
34704,155.2563583
34705,165.4550609
34706,133.445835
34707,118.7164246
34708,137.0940694
34709,136.7829286
34710,139.7665434
34711,168.3417467
34712,196.3994645
34713,142.8283125
34714,207.2167486
34715,180.2689479
34716,184.609927
34717,191.1884405
34718,206.0971628
34719,207.4553562
34720,238.5936024
34721,271.5316089
34722,150.6027421
34723,190.7595439
34724,205.0842987
34725,210.1434685
34726,217.3717366
34727,243.6498894
34728,247.7240942
34729,249.3235865
34730,240.5743379
34731,230.3868704
34732,233.0093599
34733,229.6681538
34734,231.2297629
34735,223.8202889
34736,225.6449768
34737,229.2520837
34738,235.6643198
34739,95.11705036
34740,138.2485804
34741,162.6543396
34742,208.4482585
34743,219.7456738
34744,230.3245096
34745,183.3676878
34746,188.2518406
34747,238.250381
34748,252.343898
34749,256.2607379
34750,245.333002
34751,236.3715325
34752,221.0441114
34753,260.0459047
34754,253.2422891
34755,243.4963022
34756,246.8780991
34757,240.2991496
34758,228.5409917
34759,232.8178048
34760,180.1349647
34761,181.3351805
34762,157.8254705
34763,70.93281048
34764,34.13919944
34765,19.57566086
34766,17.24580554
34767,10.93546031
34768,9.047308592
34769,17.28183373
34770,9.410502632
34771,10.79455171
34772,13.4890088
34773,10.2034863
34774,8.670686523
34775,5.755879008
34776,6.628932162
34777,7.243093541
34778,7.099004814
34779,7.857447843
34780,7.601914581
34781,8.743887418
34782,9.310671378
34783,8.785729887
34784,11.20709346
34785,12.03501164
34786,8.802254969
34787,6.365993333
34788,7.237165157
34789,8.139270897
34790,8.024950705
34791,9.587267517
34792,15.40994852
34793,21.67173566
34794,35.28806984
34795,55.84151288
34796,62.34370017
34797,62.39717877
34798,60.69667947
34799,57.10169139
34800,54.63677046
34801,62.7621946
34802,72.98230916
34803,78.27659349
34804,90.35870103
34805,79.53343275
34806,77.37651517
34807,68.18435491
34808,68.92061456
34809,63.98154647
34810,71.46038575
34811,72.87119841
34812,77.94766083
34813,84.61283566
34814,76.88931252
34815,81.73048919
34816,88.62683367
34817,100.2886846
34818,72.45666306
34819,65.83562804
34820,73.58994116
34821,87.54294316
34822,98.07388941
34823,96.68883824
34824,89.45247533
34825,94.57265743
34826,127.7963192
34827,94.55497055
34828,93.75923654
34829,96.03218563
34830,150.88403
34831,149.6851759
34832,139.4692328
34833,144.4783236
34834,109.9179175
34835,128.1559695
34836,162.5866567
34837,185.5281186
34838,165.0320217
34839,93.30088107
34840,88.03483886
34841,14.65604626
34842,19.45689623
34843,9.043000014
34844,15.59513679
34845,18.33577644
34846,14.95815208
34847,12.64095298
34848,5.042425647
34849,1.7219969
34850,8.165780566
34851,3.298273217
34852,2.120190923
34853,3.320556467
34854,1.241577823
34855,1.8499153
34856,2.65647047
34857,6.43223583
34858,7.644204586
34859,4.539899021
34860,2.713057581
34861,7.845642297
34862,7.832214377
34863,9.261160635
34866,9.13496525
34868,10.34660322
34869,16.84755855
34870,17.14625356
34871,25.58604106
34872,18.46500513
34875,28.68903143
34876,33.69711255
34879,69.49025479
34882,56.07090921
34883,60.33736392
34885,70.47570592
34887,34.87586538
34888,39.93253172
34889,29.23328976
34891,26.2228798
34892,34.96788645
34893,51.73596585
34894,55.71137629
34895,57.45813823
34896,45.57745539
34897,52.19005076
34898,63.38919011
34899,62.29230121
34900,56.31578463
34901,57.10649377
34902,74.02768661
34903,60.71574738
34904,77.38993427
34905,82.72055328
34906,81.80564301
34907,98.330767
34908,106.38566
34909,105.7650144
34910,106.0605695
34911,137.2976286
34912,123.2085747
34913,103.8130207
34914,37.11387745
34915,9.234827124
34916,7.269878792
34917,5.149801014
34918,6.386107209
34919,7.494720789
34920,7.340374179
34921,6.756997914
34922,8.318649585
34923,9.193707012
34924,9.240022407
34925,7.161163261
34926,8.956921535
34927,9.291847255
34928,14.68567684
34929,13.72276765
34930,15.82734683
34931,11.63682475
34932,11.56167146
34933,5.783160244
34934,9.741727537
34935,12.27903259
34936,19.92847757
34937,17.86344189
34938,25.01229237
34939,23.15898446
34940,21.69140388
34941,26.45454245
34942,30.56414001
34943,30.52594108
34944,33.77077334
34945,35.25034681
34946,55.10650009
34947,53.36695594
34948,55.20894487
34949,61.52310099
34950,42.03730987
34951,28.11807298
34952,22.68736734
34953,20.57659104
34954,18.9475583
34955,18.07274827
34956,11.74744438
34957,12.63672063
34958,13.84776629
34959,15.13773679
34960,18.03991047
34961,12.50897932
34962,9.763359535
34963,10.27718612
34964,11.71056746
34965,11.09936746
34966,10.76049942
34967,13.55856189
34968,10.29470482
34969,11.02092637
34970,8.808187035
34971,7.806798316
34972,5.028087447
34973,6.667743508
34974,6.289797618
34975,8.091643536
34976,8.949306844
34977,11.47963356
34978,12.95953158
34979,12.8156417
34980,9.915759183
34981,10.40111874
34982,11.35675482
34983,10.32300458
34984,11.91341765
34985,10.77889573
34986,11.51486791
34987,10.04995922
34988,12.01481923
34989,14.84797368
34990,17.2855113
34991,20.60081037
34992,18.7914722
34993,15.24409781
34994,19.23399677
34995,19.27844381
34996,17.08576846
34997,19.90162211
34998,20.04645635
34999,29.25833417
35000,30.32357819
35001,33.19463295
35002,24.46038087
35003,24.48559242
35004,23.39720621
35005,17.3394058
35006,17.48243162
35007,22.72540898
35008,29.06092871
35009,23.06630579
35010,22.69906595
35011,21.69795575
35012,28.41923708
35013,31.78766055
35014,39.91280162
35015,47.89852273
35016,49.95402196
35017,40.47374799
35018,33.00822719
35019,49.74538744
35020,56.12981842
35021,73.56933575
35022,91.83883754
35023,70.36852808
35024,65.93759893
35025,76.88182073
35026,79.85728486
35027,67.79711116
35028,64.31273924
35029,80.85277234
35030,89.79253378
35031,109.1371402
35032,75.462001
35033,57.69424114
35049,16.17795783
35050,12.37053916
35051,10.0250964
35052,5.381121522
35053,7.095942044
35054,13.20000134
35055,13.05039588
35056,8.072084805
35057,7.891764737
35058,7.059626477
35059,7.207091017
35060,9.583756536
35061,14.63083809
35062,13.00655941
35063,12.27623599
35064,12.03864616
33649,298.6453015
33650,478.7639474
33651,425.239256
33652,400.4548651
33653,358.6902157
33654,363.2704421
33655,351.8206598
33656,361.2104145
33657,353.3830321
33658,361.7881704
33659,384.1600652
33660,399.5851462
33661,452.4421144
33662,494.0700602
33663,526.5202099
33664,497.39938
33665,537.4275925
33666,506.8673215
33667,487.1571542
33668,490.3508965
33669,488.718478
33670,488.1842595
33671,479.5569657
33672,478.4211763
33673,538.3523526
33674,544.2098493
33675,264.6340702
33676,14.6370896
33677,18.5103372
33678,6.487449305
33679,8.416675552
33680,7.004765642
33681,10.90390066
33682,11.88481667
33683,11.01090284
33684,140.5833352
33685,157.6446816
33686,227.3317391
33687,234.5327166
33688,246.8098727
33689,226.0071431
33690,180.4657824
33691,158.4962066
33692,158.3085167
33693,120.1234043
33694,136.5075433
33695,157.8467907
33696,165.5829527
33697,172.4015441
33698,188.6376984
33699,218.7648638
33700,226.0529554
33701,188.9885549
33702,165.6302034
33703,167.7078209
33704,148.3365121
33705,128.5110607
33706,126.6434112
33707,141.2084402
33708,156.0010563
33709,160.2181911
33710,160.9794188
33711,182.5580058
33712,248.8769282
33713,340.7791866
33714,377.630233
33715,370.8930543
33716,389.276309
33717,470.2394824
33718,494.5682773
33719,572.7197239
33720,570.0894438
33721,359.7986648
33722,385.3786056
33723,551.5071594
33724,549.5186355
33725,503.7740151
33726,443.5431402
33727,359.5872623
33728,354.6156672
33729,247.9407008
33730,216.5204024
33731,259.5918901
33732,318.9148214
33733,273.7474113
33734,346.7684
33735,258.8774719
33736,412.7674677
33737,198.482321
33738,372.3581078
33739,378.313645
33740,472.9518918
33741,291.8640966
33742,319.4161911
33743,453.2626275
33744,383.6801444
33745,391.4823362
33746,334.6417771
33747,285.818594
33748,304.4315814
33749,284.8707364
33750,349.5293608
33751,325.1753265
33752,262.5675323
33753,276.3689346
33754,261.7616956
33755,258.7642893
33756,283.6005852
33757,275.2849743
33758,248.8553097
33759,230.6870181
33760,196.8027986
33761,169.1601607
33762,160.0977055
33763,158.5491463
33764,159.7904978
33765,162.5971469
33766,164.3824733
33767,166.8017869
33768,172.1357717
33769,170.8099154
33770,170.3555973
33771,94.01917926
33772,168.293545
33773,163.1713809
33774,156.8128336
33775,152.2776912
33776,144.7442078
33777,152.817035
33778,154.8144887
33779,155.3926913
33780,155.1350802
33781,164.9965563
33782,176.4277172
33783,177.8781836
33784,192.6432791
33785,112.2190783
33786,190.5512571
33787,112.8936716
33788,210.1775734
33789,211.5153472
33790,200.0613359
33791,195.7147178
33792,123.8979793
33793,202.1814872
33794,207.9446116
33795,203.8625851
33796,205.6590333
33797,200.6375584
33798,205.2028958
33799,216.8524784
33800,210.2992147
33801,208.4046107
33802,207.5321966
33803,216.4728797
33804,214.8500416
33805,211.6452819
33806,195.9706485
33807,172.3192379
33808,112.510257
33809,128.9352898
33811,66.47566825
33812,95.51319481
33813,106.5333762
33814,123.3396444
33815,138.6065517
33816,146.4886539
33817,147.2615967
33818,98.21444587
33819,48.24008784
33820,36.88447309
33821,32.53801576
33822,33.34547946
33823,48.83233641
33824,35.82269172
33825,33.4195766
33826,25.04194542
33827,22.16337824
33828,22.28207018
33829,45.69584376
33830,77.11627986
33831,97.97670311
33832,116.2509261
33833,121.1143164
33834,83.26166155
33835,40.2533405
33836,23.36097495
33837,15.28656594
33838,9.475310971
33839,9.434850007
33840,9.035917669
33841,10.22416284
33842,8.469715306
33843,8.006745791
33844,8.531608937
33845,7.791299893
33846,12.33053174
33847,15.26704156
33848,13.44947713
33849,9.024545882
33850,16.92578404
33851,15.14165062
33852,19.82212608
33853,19.69376151
33854,21.05233239
33855,21.67036963
33856,45.02886704
33857,42.53660433
33858,42.53458369
33859,47.25151037
33860,72.56503689
33861,74.71224234
33862,88.28290361
33863,102.8282375
33864,52.32658231
33865,33.27133792
33866,19.97807174
33867,8.079150926
33868,6.91781176
33869,6.44693408
33870,7.048689045
33871,7.122616113
33872,7.868210586
33873,7.238957763
33874,14.42147447
33875,11.2418255
33876,15.97375248
33877,13.68410217
33878,17.03576031
33879,20.73879867
33880,19.58045409
33881,17.14446796
33882,65.16445326
33883,90.94548225
33884,129.207412
33885,131.3596112
33886,132.2077228
33887,138.153081
33888,92.63512563
33889,63.00947498
33890,55.13420826
33891,45.32524482
33892,17.10119405
33893,13.56282418
33894,24.55655261
33895,27.05830254
33896,37.10032118
33897,65.4148411
33898,81.06231062
33899,99.57922681
33900,98.56158989
33901,120.8367065
33902,107.111722
33903,84.51424818
33904,105.2883084
33905,108.7923287
33906,99.59288031
33907,107.9596269
33908,131.4403475
33909,172.279083
33910,77.88410349
33911,37.32516517
33912,28.26954594
33913,27.66116894
33914,22.47502704
33915,20.08424011
33916,18.0273134
33917,18.87004803
33918,17.68306689
33919,15.97914123
33920,24.29605704
33921,26.99914742
33922,32.82242592
33923,36.33880355
33924,48.88709911
33925,80.22550617
33926,102.9609803
33927,110.6914662
33928,109.8728937
33929,106.4912815
33930,117.1574078
33931,139.5846072
33932,161.1494222
33933,166.3185054
33934,101.0051333
33935,28.2196647
33936,22.42079834
33937,15.17306132
33938,13.40475617
33939,12.37298775
33940,18.39973657
33941,17.01191333
33942,16.51873629
33943,16.41056818
33944,14.56070271
33945,17.64413632
33946,16.93154224
33947,16.88735545
33948,16.46283667
33949,16.42384791
33950,8.42313884
33951,8.933439355
33952,8.67855123
33953,12.51558545
33954,12.99449947
33955,10.8866213
33956,12.94239775
33957,9.875886044
33958,10.73994056
33959,10.73337895
33960,17.04133557
33961,15.54132614
33962,18.4112949
33963,17.30971776
33964,16.93503435
33965,24.61866513
33966,26.01806691
33967,23.53895188
33968,28.10655644
33969,39.75080552
33970,50.84764857
33971,32.58409453
33972,23.65980371
33973,35.83141299
33974,35.28472807
33975,24.26081347
33976,29.34868011
33977,25.30695302
33978,29.51680081
33979,32.7177745
33980,42.82819749
33981,67.25315922
33982,79.16218783
33983,81.12275574
33984,90.0906438
33985,70.198615
33986,48.73358211
33987,61.45104066
33988,56.68558234
33989,41.65398334
33990,39.48732026
33991,36.20441813
33992,39.78580575
33993,38.6563854
33994,46.43437511
33995,51.4197325
33996,52.00155041
33997,59.18028684
33998,69.45620232
33999,73.98051069
34000,78.76913396
34001,83.01438848
34002,83.59977563
34003,83.41592631
34004,94.03624966
34005,101.888048
34006,96.08127854
34007,84.15659637
34008,82.06358731
34009,80.46385056
34010,82.3393451
34011,82.89396499
34012,88.15668226
34013,97.85076288
34014,97.85875503
34015,104.5930392
34016,113.4525686
34017,102.1967141
34018,114.1734395
34019,127.2407758
34020,118.4040822
34021,133.2433625
34022,127.4539206
34023,130.8456881
34024,138.7197171
34025,134.8304644
34026,140.1422164
34027,131.3620517
34028,127.1300497
34029,130.0847915
34030,132.3788487
34031,143.9059019
34032,123.5386653
34033,129.6085326
34034,130.9309556
34035,123.7567637
34036,137.8596067
34037,137.6497545
34038,143.3886382
34039,145.079446
34040,147.3449927
34041,154.4837162
34042,142.0913643
34043,156.9812866
34044,136.7741571
34045,141.7414689
34046,138.6979015
34047,153.4231774
34048,154.8406988
34049,153.850042
34050,150.7302089
34051,166.1389249
34052,172.3831978
34053,175.9881204
34054,174.6522571
34055,166.8579862
34056,167.4096669
34057,121.4781828
34058,84.85518807
34059,70.26308797
34060,53.97743707
34061,49.89930251
34062,68.64321769
34063,59.7684021
34064,59.25545105
34065,58.16819419
34066,67.61120744
34067,47.44802274
34068,42.50913592
34069,37.90264759
34070,32.67377986
34071,38.73408185
34072,39.69462988
34073,98.02908789
34074,111.1511705
34075,109.9049686
34076,91.01595686
34077,82.60216125
34078,84.79174486
34079,89.55547295
34080,98.6599842
34081,84.05093174
34082,89.71927914
34083,120.7766409
34084,114.2677804
34085,105.0067802
34086,87.12017112
34087,105.3241739
34088,110.8385986
34089,127.7324082
34090,87.18394995
34091,45.09502596
34092,28.64408186
34093,12.37743204
34094,10.71307669
34095,11.14437404
34096,19.78201519
34097,13.30526417
34098,8.73079493
34099,10.80418555
34100,23.31216979
34101,13.08801185
34102,7.25102433
34103,7.152186428
34104,3.728413905
34105,3.820761866
34106,7.39837703
34107,6.988543454
34108,6.961047007
34109,4.878060701
34110,4.389556204
34111,4.979476085
34112,6.876558611
34113,16.06158474
34114,29.29327357
34115,10.21825763
34116,27.21526717
34117,29.82499297
34118,25.84208653
34119,24.70136762
34120,29.30402709
34121,30.19163378
34122,33.87564477
34123,39.05550436
34124,28.2166057
34125,67.79128355
34126,75.57457795
34127,83.28206708
34128,68.91669666
34129,70.6229691
34130,54.75556328
34131,42.69639305
34132,56.01029277
34133,68.00931701
34134,56.83819803
34135,20.1114045
34136,6.739235352
34137,8.745521144
34138,9.035737065
34139,7.505194923
34140,11.85708022
34141,22.9433361
34142,17.56993598
34143,18.14988921
34144,15.18794765
34145,14.48995098
34146,10.52960464
34147,9.786790421
34148,11.33491805
34149,7.046232136
34150,9.959436996
34151,11.67325251
34152,14.78449178
34153,14.95503233
34154,18.08434753
34155,24.93675885
34156,20.46503945
34157,16.06338559
34158,15.92679567
34159,14.99315096
34160,23.38338422
34161,11.77883623
34162,16.45280326
34163,13.99399443
34164,23.59494071
34165,23.28317917
34166,26.42315582
34167,27.90813293
34168,32.14409285
34169,24.72194036
34170,65.77623721
34171,72.1696094
34172,78.63767409
34173,96.91111459
34174,57.08825051
34175,41.96646743
34176,43.28609431
34177,28.99877213
34178,21.62940008
34179,18.14379631
34180,9.06376555
34181,13.42598778
34182,12.09776436
34183,12.64445529
34184,13.62693814
34185,18.9167894
34186,20.90086776
34187,18.48506696
34188,32.47088333
34189,30.2284648
34190,29.28571404
34191,19.58395194
34192,15.8004576
34193,44.90240195
34194,41.13851053
34195,46.53327285
34196,48.80182092
34197,59.09742435
34198,54.40648759
34199,56.53329276
34200,55.47668241
34201,42.97587527
34202,46.22642511
34203,41.35180923
34204,40.15760125
34205,34.79079858
34206,37.70219023
34207,43.19760113
34208,58.86973229
34209,60.5922644
34210,64.94338929
34211,35.6222335
34212,67.86373048
34213,69.07742153
34214,59.63446227
34215,83.28818035
34216,95.8868211
34217,118.2463362
34218,120.5459595
34219,131.8564254
34220,149.5261378
34221,163.6858918
34222,163.2010066
34223,165.9089322
34224,159.43954
34225,157.6524736
34226,148.4683216
34227,130.0851636
34228,104.1685707
34229,115.1791485
34230,140.8407657
34231,116.9810405
34232,105.0082014
34233,105.3667726
34234,110.5711903
34235,136.1133507
34236,167.6985665
34237,157.1263851
34238,162.2349688
34240,181.5285027
34241,163.9167543
34242,161.7832505
34243,205.0973985
34244,215.1339688
34245,224.9869954
34246,232.8787995
34247,239.3738717
34248,232.7678275
34249,237.2954849
34250,234.3974218
34251,236.0582391
34252,236.1158236
34253,227.0365983
34254,234.9726577
34255,244.9355041
34256,265.9563578
34257,253.4733967
34258,229.9521582
34259,254.7702923
34260,237.4981218
34261,239.7226371
34262,60.47795467
34263,28.59840006
34264,22.51370109
34265,18.3305148
34266,17.39201297
34267,10.17243472
34268,10.0966917
34269,8.751557264
34270,8.255991204
34271,5.820411439
34272,7.288790806
34273,6.354878066
34274,6.456227119
34275,6.764897072
34276,6.00118235
34277,7.58883222
34278,8.837709346
34279,8.706036165
34280,13.73876887
34281,17.74220979
34282,24.0250204
34283,28.37148361
34284,30.52430182
34285,30.2057205
34286,32.60179216
34287,37.84540297
34288,40.37214676
34289,38.34786279
34290,44.31793614
34291,60.86259081
34292,77.74550271
34293,116.8444319
34294,242.3036865
34295,298.8227847
34296,345.9944995
34297,397.9489947
34298,153.5094223
34299,392.2107196
34300,461.7218813
34301,408.0244403
34302,428.980126
34303,460.413639
34304,421.0259707
34305,382.1719322
34306,355.4165499
34307,337.7846875
34308,293.2370313
34309,267.605439
34310,249.1555617
34311,244.1874075
34312,209.3206751
34313,245.5059434
34314,250.1850378
34315,268.3886319
34316,258.8882016
34317,281.3915292
34318,301.8828266
34319,275.2140861
34320,274.5694757
34321,217.3365265
34322,248.4852783
34323,179.4975445
34324,34.50718302
34325,10.7290786
34326,15.17208423
34327,18.98363086
34328,7.706149246
34329,5.722214824
34330,7.061479666
34331,7.281811217
34332,8.566136778
34333,7.91271262
34334,9.829112741
34335,10.19579535
34336,8.673186095
34337,9.619520414
34338,7.809151816
34339,9.977689219
34340,9.859639828
34341,8.89237365
34342,7.032777395
34343,5.006419765
34344,5.788315835
34345,3.655124707
34346,3.747359025
34347,2.886286464
34348,3.810730272
34349,2.079327086
34350,1.446704259
34351,2.855231029
34352,5.333673912
34353,7.407788418
34354,8.120335421
34355,12.46562669
34356,10.62498748
34357,7.492870043
34358,10.28030291
34359,8.641674867
34360,11.62877743
34361,21.02127567
34362,24.64152129
34363,23.84047016
34364,35.05823292
34365,45.46127104
34366,36.50159035
34367,54.90158487
34368,52.40850633
34369,69.50602535
34370,84.92974723
34371,87.59016265
34372,92.84165028
34373,92.24769137
34374,99.90206847
34375,86.30699109
34376,81.74528236
34377,88.419365
34378,50.51728722
34379,73.62333512
34380,65.21241669
34381,52.37875202
34382,56.79451879
34383,34.60909274
34384,41.04407274
34385,37.77714205
34386,60.62588143
34387,60.2826764
34388,89.20043935
34389,101.5985322
34390,131.3956687
34391,41.28404904
34392,14.02556998
34393,18.03307937
34394,15.76606271
34395,14.41199724
34396,9.51146818
34397,7.962816606
34398,7.042702165
34399,8.265964205
34400,9.496400279
34401,14.05345219
34402,13.78597414
34403,10.1346902
34404,13.42103278
34405,13.25217853
34406,16.71494556
34407,15.65766025
34408,16.61062276
34409,31.74262924
34410,48.71852951
34411,50.01304054
34412,88.09661632
34413,114.2098176
34414,196.5534492
34415,173.0748426
34416,83.19884622
34417,65.23394497
34418,23.89568284
34419,24.93477249
34420,20.51319224
34421,23.39185142
34422,59.87107154
34423,45.96620536
34424,17.16486704
34425,33.91817502
34426,22.56739664
34427,34.70834478
34428,57.97150368
34429,59.51483142
34430,59.57784174
34431,66.1243569
34432,65.46987953
34433,72.07979732
34434,78.90240935
34435,92.633493
34436,117.4072227
34437,151.8804882
34438,174.3944446
34439,144.5556234
34440,134.1316078
34441,123.625491
34442,109.716432
34443,94.85493794
34444,106.3026531
34445,94.46727551
34446,80.99606668
34447,67.43190149
34448,62.9740599
34449,75.44519645
34450,132.1365615
34451,123.3822511
34452,115.6984432
34453,125.1713754
34454,138.7553888
34455,137.1471904
34456,154.4028111
34457,197.5327302
34458,227.911942
34459,267.4609541
34460,295.7775151
34461,273.8550845
34462,285.9618099
34463,294.1998229
34464,310.6789975
34465,289.5662713
34466,270.6630977
34467,180.0082176
34468,242.4133505
34469,223.4800778
34470,220.7604591
34471,244.3348946
34472,268.5694046
34473,277.9114489
34474,267.7600417
34475,282.1883492
34476,288.7782187
34477,279.211899
34478,236.201397
34479,284.6265198
34480,282.0524976
34481,309.5730817
34482,340.3906822
34483,375.1645501
34484,229.4649606
34485,19.81193631
34486,4.915346343
34487,9.804696008
34488,12.60646138
34489,13.9302333
34490,11.82000828
34491,14.20663894
34492,21.0656045
34493,7.447371707
34494,9.292996076
34495,5.257215638
34496,5.834400963
34497,7.043972243
34498,4.174048207
34499,8.21394504
34500,6.665593527
34501,8.516758585
34502,7.913221106
34503,10.15386378
34504,9.370006194
34505,9.782466547
34506,11.70731601
34507,12.01236827
34508,9.178355787
34509,14.82712123
34510,11.1291137
34511,10.39979656
34512,8.459574094
34513,10.30567469
34514,13.11496066
34515,18.1853703
34516,16.00151242
34517,16.31805221
34518,11.00592056
34519,10.91779202
34520,11.95932967
34521,16.71717734
34522,17.79490093
34523,14.57133169
34524,12.22190394
34525,15.49892217
34526,15.61147361
34527,15.64635244
34528,16.61843284
34529,17.30782741
34530,26.4999594
34531,34.6197014
34532,41.15381034
34533,50.51834807
34534,57.75518661
34535,73.68080802
34536,85.75027682
34537,106.867167
34538,112.7692715
34539,115.3605593
34540,111.0707066
34541,113.8990102
34542,128.9586922
34543,116.1461144
34544,120.9566793
34545,112.7973927
34546,87.83612833
34547,98.83510171
34548,67.4311964
34549,60.43130949
34550,53.22817639
34551,36.37758329
34552,35.57385658
34553,83.66222257
34554,113.4883099
34555,123.8505752
34556,130.5940968
34557,120.5357779
34558,124.5968482
34559,126.1758643
34560,112.9696861
34561,112.9009404
34562,119.2091325
34563,107.9162253
34564,63.32555288
34565,75.08972822
34566,89.19238605
34567,30.10553551
34568,13.96863731
34569,12.72433721
34570,11.58851076
34571,10.26433054
34572,9.801992309
34573,12.7727126
34574,14.03262976
34575,15.72520767
34576,15.73877132
34577,17.17462976
34578,17.31107514
34579,15.72414571
34580,14.07339742
34581,9.30332119
34582,10.74001831
34583,11.97539324
34584,9.600928658
34585,9.626765945
34586,8.305869206
34587,7.854169619
34589,7.727522777
34590,7.177622682
34591,8.214130738
34592,7.443454104
34593,8.670173733
34594,7.053443795
34595,9.948797621
34596,10.12219991
34597,9.098685087
34598,11.3211663
34599,16.76749963
34600,16.19765017
34601,9.576991012
34602,48.39436139
34603,20.63773107
34604,12.17896415
34605,16.34996685
34606,14.72592023
34607,16.67645989
34608,11.35213153
34609,12.08828933
34610,10.29414518
34611,8.581625758
34612,7.665113794
34613,8.934375732
34614,8.541278435
34615,8.5224866
34616,6.129832548
34617,9.583999073
34618,7.375845282
34619,8.628139184
34620,9.476819824
34621,9.835699985
34622,10.53109917
34623,15.35742403
34624,15.87749595
34625,15.05421389
34626,12.42102325
34627,14.01748173
34628,14.61460626
34629,15.95728447
34630,16.1536084
34631,15.70488811
34632,18.45961719
34633,12.71090034
34634,23.61727859
34635,25.13188847
34636,27.58463543
34637,24.8934266
34638,24.75965593
34639,27.36807864
34640,27.00861593
34641,35.14545468
34642,39.50944383
34643,46.60050473
34644,16.95338533
34645,24.77190712
34646,21.67798693
34647,25.73281606
34648,28.73201138
34649,63.18246532
34650,56.75060559
34651,60.36312461
34652,99.14039717
34653,145.2459347
34654,226.8280353
34655,265.5578971
34656,270.7801119
34657,214.7297838
34658,201.1107467
34659,137.1747362
34660,75.76435384
34661,96.82354287
34662,62.73119598
34663,66.64826595
34664,91.25959531
34665,91.15632409
34666,157.3681837
34667,132.7008013
34668,111.8594433
34669,101.463203
34670,96.65315147
34671,80.06454909
34672,79.86157492
34673,95.51668883
34674,95.59191103
34675,122.4524976
34676,126.2534587
34677,107.2144371
34678,187.8332473
34679,168.6968755
34680,123.7380785
34681,103.8619368
34682,105.0747997
34683,83.23725872
34684,132.1192855
34685,149.414036
34686,114.5190741
34687,130.1063254
34688,146.9752657
34689,134.0870196
34690,82.16271205
34691,80.32715201
34692,49.40849243
34693,21.51510762
34694,23.81028283
34695,19.3378756
34696,21.62696309
34697,22.33244778
34698,31.05843614
34699,65.4019771
34700,59.62796796
34701,90.72789613
34702,123.5666442
34703,137.6054729
34704,197.5168583
34705,227.076723
34706,212.5113525
34707,182.5689239
34708,185.7148973
34709,183.4859253
34710,192.0862698
34711,158.8937831
34712,186.4964122
34713,200.8426107
34714,195.3754329
34715,165.2853196
34716,185.5685655
34717,178.7436452
34718,199.9581159
34719,216.9242855
34720,236.632546
34721,236.7472173
34722,221.9368124
34723,180.0733721
34724,223.3441237
34725,218.612831
34726,229.4039055
34727,230.5257195
34728,225.0533953
34729,222.6959312
34730,225.9601656
34731,222.2839733
34732,222.0759587
34733,222.3872487
34734,234.7449473
34735,230.2667084
34736,236.9882988
34737,221.1599033
34738,212.5558982
34739,226.3165955
34740,240.859406
34741,225.8374539
34742,182.1894271
34743,211.2704267
34744,230.343355
34745,239.2401991
34746,244.7857261
34747,248.526082
34748,266.9553525
34749,287.3741503
34750,253.3462336
34751,253.2523407
34752,242.2600631
34753,270.913652
34754,268.0858668
34755,259.115848
34756,238.9909733
34757,248.5128774
34758,244.2430298
34759,238.9490581
34760,227.1431373
34761,214.0450092
34762,177.8903698
34763,69.99657116
34764,40.08022416
34765,40.29761371
34766,35.50661737
34767,17.46041347
34768,13.61412825
34769,14.2754079
34770,17.44096704
34771,22.74361799
34772,11.31732036
34773,10.01324556
34774,10.95359843
34775,7.166842436
34776,7.749714626
34777,6.993448419
34778,9.390007364
34779,8.566773928
34780,7.061689988
34781,7.181748036
34782,5.511294783
34783,6.574645435
34784,5.623496801
34785,13.43360111
34786,13.03684185
34787,8.730476146
34788,8.64309275
34789,9.108210023
34790,10.25821721
34791,12.43271557
34792,21.26295619
34793,45.14792876
34794,49.67316963
34795,75.45968278
34796,76.62706406
34797,72.58579623
34798,64.06147843
34799,54.5657433
34800,69.69629258
34801,57.43941571
34802,74.18897667
34803,77.03194411
34804,76.88705133
34805,66.91278669
34806,101.7878305
34807,93.22027228
34808,101.4348045
34809,74.32180015
34810,75.71552813
34811,87.54001547
34812,90.09472278
34813,90.68715107
34814,88.85983276
34815,99.72642628
34816,100.3453433
34817,85.88413745
34818,88.0076236
34819,105.8791999
34820,125.2281401
34821,152.0489987
34822,214.0052992
34823,206.1287713
34824,163.5240724
34825,140.8928819
34826,145.6424204
34827,170.9732969
34828,158.921356
34829,151.9883523
34830,155.611516
34831,143.8823006
34832,142.3480153
34833,160.5823903
34834,154.207533
34835,164.4532667
34836,136.7827927
34837,145.909087
34838,197.2017303
34839,97.82305518
34840,19.73695177
34841,15.90070945
34842,18.44054257
34843,10.67148226
34844,14.00071943
34845,17.65195489
34846,11.28937296
34847,17.89114092
34848,8.535181729
34849,8.595074389
34850,4.637145684
34851,2.829518133
34852,4.377204107
34853,4.595496304
34854,3.338662669
34855,5.181462621
34856,6.69833958
34857,6.988343996
34858,5.789474834
34859,4.54437776
34860,4.807186312
34861,7.326558615
34862,9.875287479
34863,10.40707157
34866,10.77171457
34868,14.55168862
34869,26.829904
34870,29.7898424
34871,46.79402005
34872,43.19185196
34875,47.52043779
34876,66.27781179
34879,104.0066161
34882,117.9058155
34883,78.37656089
34885,136.2268612
34887,31.33139732
34888,33.12618328
34889,27.29025725
34890,26.80144821
34891,29.96940455
34892,31.57216003
34893,48.55458691
34894,50.76702243
34895,57.34941133
34896,60.72590841
34897,73.19703419
34898,80.77626284
34899,87.89739059
34900,89.15220938
34901,91.12899054
34902,90.40521011
34903,89.41386854
34904,93.65729568
34905,94.28837835
34906,104.7406953
34907,117.3370694
34908,140.0253789
34916,14.17863019
34917,3.717792153
34918,6.05129928
34919,8.87737634
34920,6.607566446
34921,4.942949495
34922,8.828006135
34923,10.29859135
34924,9.858176374
34925,9.950323778
34926,12.1900481
34927,9.34293579
34928,23.26815528
34929,26.27638341
34930,26.90032886
34931,25.0524529
34932,12.20613662
34933,10.774173
34934,8.461474255
34935,29.74111697
34936,24.30635021
34937,38.54052722
34938,33.76648888
34939,23.66546811
34940,30.53970529
34941,36.83289975
34942,34.12151045
34943,33.47531671
34944,55.2701715
34945,65.93031533
34946,59.70117959
34947,58.20618972
34948,56.48048736
34949,65.73568947
34950,62.69251756
34951,30.99641603
34952,26.805212
34953,28.01553081
34954,40.82056719
34955,30.3965186
34956,26.18792435
34957,24.13087829
34958,25.14367309
34959,29.09333954
34960,29.91823612
34961,17.38371794
34962,20.80748198
34963,20.516621
34964,16.71086844
34965,20.44197735
34966,15.22391516
34967,18.24731534
34968,12.95027315
34969,12.04226987
34970,13.89021118
34971,9.83774378
34972,5.988481311
34973,6.364568804
34974,6.294801897
34975,6.534566174
34976,6.281591793
34977,6.016448248
34978,5.918517841
34979,10.01862861
34980,9.605252499
34981,12.10511632
34982,10.00406937
34983,12.95643545
34984,13.5071244
34985,12.28348102
34986,11.37827274
34987,12.04286987
34988,15.23354696
34989,15.43926357
34990,29.82750991
34991,24.97620735
34992,16.23523834
34993,18.05542562
34994,38.91186951
34995,52.03720075
34996,54.33333847
34997,47.63996731
34998,20.36927216
34999,37.01634008
35000,24.73440457
35001,34.6430316
35002,34.6696691
35003,33.05393177
35004,24.87433408
35005,25.85103928
35006,26.79260463
35007,26.2757713
35008,26.67999309
35009,27.60520471
35010,28.44114076
35011,28.17451155
35012,34.36793356
35013,48.94306429
35014,40.58907075
35015,68.10125289
35016,93.62464122
35017,76.51858169
35018,32.52090374
35019,64.84710581
35020,72.71731747
35021,77.53702528
35022,83.6867853
35023,84.17948211
35024,71.33993737
35025,85.36791411
35026,90.40578923
35027,81.21895956
35028,72.59609144
35029,81.65876714
35030,84.21226158
35031,86.89863815
35032,83.06112662
35033,53.67325797
35034,31.49483386
35035,37.50665149
35036,44.2292818
35037,63.80821752
35038,112.3117809
35039,87.87150925
35040,37.93328337
35041,27.73142454
35042,27.78821154
35043,10.9478911
35044,13.83546084
35045,17.0085625
35046,21.1280863
35047,18.42551928
35048,10.02837023
35049,2.768953975
35050,1.649453408
35051,5.635525111
35052,4.100016421
35053,7.408678169
35054,5.983135875
35055,6.726943536
35056,7.105544853
35057,7.685603369
35058,7.736271198
35059,8.121369027
35060,13.96237308
35061,26.37045109
35062,14.3554382
35063,6.783059367
35064,13.65950482
33649,203.7730875
33650,243.4747654
33651,224.6444007
33652,245.5133804
33653,260.2580844
33654,389.2593914
33655,434.3038562
33656,418.2717768
33657,382.7721621
33658,236.1106061
33659,251.1651072
33660,211.2196119
33661,275.2809693
33662,276.3041865
33663,339.8553037
33664,389.5673663
33665,452.4876775
33666,462.2743675
33667,466.5580096
33668,471.6594415
33669,451.0710484
33670,437.1996084
33671,477.5850435
33672,438.2678175
33673,457.9367983
33674,454.3322643
33675,388.599212
33676,290.8528463
33677,233.5107145
33678,254.201102
33679,175.896344
33680,108.3405126
33681,112.7322877
33682,86.34696089
33683,55.9906472
33684,50.09252033
33685,26.92128772
33686,16.62288527
33687,12.08850881
33688,14.74073453
33689,23.29585587
33690,74.40287682
33691,136.4537075
33692,198.5371807
33693,209.3951557
33694,232.8960905
33695,201.6136486
33696,167.0352525
33697,153.6554566
33698,149.8133281
33699,141.4585945
33700,142.8875462
33701,142.4058695
33702,112.2311717
33703,133.9059329
33704,123.3010939
33705,128.8945727
33706,132.6020674
33707,124.0186193
33708,108.9372435
33709,104.2981755
33710,97.73249961
33711,94.72923279
33712,90.81858311
33713,87.00885008
33714,84.89343499
33715,112.5296142
33716,159.3311298
33717,219.8931621
33718,280.6321946
33719,309.444987
33720,228.9461079
33721,217.4596564
33722,260.7897884
33723,226.95086
33724,149.6164304
33725,123.166227
33726,122.590343
33727,99.81247614
33728,88.63746632
33729,77.5411993
33730,75.66791796
33731,55.01180703
33732,50.59693969
33733,41.47433336
33734,49.00038587
33735,94.59649994
33736,166.9361037
33737,182.7037881
33738,223.8418835
33739,234.445961
33740,240.4725477
33741,284.6887621
33742,365.7810375
33743,360.9761991
33744,388.8951717
33745,371.6396251
33746,411.1945176
33747,431.9520257
33748,411.0984843
33749,396.9175769
33750,402.598496
33751,469.1349343
33752,379.3769282
33753,283.540606
33754,385.925879
33755,405.9005819
33756,386.1256332
33757,357.8454351
33758,357.9855617
33759,292.6841335
33760,110.4432415
33761,56.86315865
33762,52.00288105
33763,40.11471325
33764,57.83079811
33766,86.1280882
33767,158.679674
33768,148.3687751
33769,124.8404662
33770,118.3146311
33771,118.09924
33772,141.3524503
33773,146.7093194
33774,149.8706113
33775,143.3933118
33776,148.6589304
33777,135.8952224
33778,140.6700241
33779,155.8783805
33780,163.1767201
33781,153.1426359
33782,155.1968099
33783,164.3899151
33784,182.9397117
33785,117.8529267
33786,195.3427913
33787,200.2795878
33788,234.5042382
33789,223.2854779
33790,202.8032496
33791,206.7015047
33792,191.0248922
33793,189.7012171
33794,185.0697588
33795,169.4669007
33796,168.9125512
33797,168.6184112
33798,145.8733358
33799,151.3655935
33800,144.6744381
33801,141.6030567
33802,141.8990441
33803,141.1638391
33804,135.0129259
33805,135.4167837
33806,141.803934
33807,136.6603071
33808,136.7797056
33809,142.6025889
33810,142.7387446
33811,138.5862046
33812,137.3385361
33813,152.1286405
33814,140.2746952
33815,148.3895396
33816,151.7749514
33817,163.1865562
33818,155.3604109
33819,144.9438644
33820,150.2472368
33821,55.66607415
33822,37.89308557
33823,23.85435204
33824,24.70489444
33825,23.30177404
33826,23.75714405
33827,21.04340489
33828,28.43452043
33829,31.47687238
33830,29.8433226
33831,22.47290394
33832,24.3378121
33833,22.80396058
33834,27.41000707
33835,38.56433737
33836,37.19228865
33837,21.31024154
33838,11.3738581
33839,8.923901304
33840,8.714473773
33841,9.246963056
33842,12.81781782
33843,8.96643505
33844,10.4103557
33845,12.62271793
33846,11.36259556
33847,11.59043971
33848,18.04073921
33849,30.26624907
33850,30.04196517
33851,20.71711113
33852,17.06569516
33853,14.69944608
33854,16.8046039
33855,13.55849496
33856,13.73187961
33857,16.87859746
33858,27.25415172
33859,37.77593484
33860,32.80675732
33861,54.79310978
33862,57.73689626
33863,57.68561331
33864,60.84051544
33865,38.40471414
33866,17.31383394
33867,11.91007727
33868,7.273459711
33869,6.495695796
33870,7.153009264
33871,8.330004615
33872,7.716339412
33873,11.92175297
33874,20.41740891
33875,16.69242264
33876,13.54647004
33877,11.50239834
33878,8.439332832
33879,7.069541907
33880,6.426394987
33881,5.63970208
33882,6.545056528
33883,9.877110211
33884,8.952593482
33885,12.43408973
33886,17.70879391
33887,21.89484825
33888,13.4829043
33889,10.75697936
33890,18.71905664
33891,13.6098725
33892,14.25033178
33893,14.6415597
33894,18.56987993
33895,20.66853447
33896,20.83698928
33897,16.53480764
33898,28.86044621
33899,36.1030831
33900,29.84771923
33901,49.97874304
33902,57.7414991
33903,50.37832254
33904,24.82469814
33905,16.36196968
33906,17.57231411
33907,40.2363469
33908,54.40632643
33909,78.85722636
33910,84.11270372
33911,33.45488227
33912,19.50765629
33913,28.38714665
33914,28.48413718
33915,30.89944874
33916,25.65422106
33917,27.56547399
33918,30.48288482
33919,29.36711643
33920,35.97054402
33921,37.48520717
33922,52.9098112
33923,57.04169337
33924,50.71026717
33925,30.67349922
33926,15.86868099
33927,17.78394508
33928,13.68315065
33929,15.9620496
33930,16.05098725
33931,17.24876784
33932,21.16517013
33933,16.46431884
33934,11.1958184
33935,12.78946428
33936,9.341470963
33937,9.0579419
33938,8.089918845
33939,14.15375719
33940,8.412153153
33941,9.58485787
33942,10.80792672
33943,14.92192375
33944,15.9915571
33945,17.21041287
33946,21.9046236
33947,20.18065324
33948,14.76060807
33949,11.76126104
33950,15.9326007
33951,15.74061636
33952,16.83010893
33953,14.75991938
33954,16.45883924
33955,26.18328623
33956,10.04298006
33957,9.522617185
33958,8.987652212
33959,14.66883065
33960,12.21403762
33961,10.99190886
33962,17.05775552
33963,23.36471671
33964,25.67861284
33965,15.54978326
33966,21.5257837
33967,13.20370448
33968,13.45982843
33969,17.30656602
33970,29.32430838
33971,15.20588093
33972,16.44965577
33973,14.10095856
33974,12.65871461
33975,12.554263
33976,13.4846906
33977,12.72864333
33978,12.35648021
33979,30.9542852
33980,61.37144474
33981,79.51011088
33982,89.9238075
33983,101.8995082
33984,92.68071411
33985,90.98182146
33986,83.99171296
33987,72.77908296
33988,69.2897554
33989,72.22527863
33990,71.23065093
33991,63.4953381
33992,72.29656924
33993,86.09946828
33994,94.37070603
33995,108.4561765
33996,107.0154469
33997,103.3149759
33998,96.28080209
33999,83.92234935
34000,70.84322244
34001,67.41395406
34002,74.93342635
34003,76.63213711
34004,81.64996623
34005,101.3733522
34006,99.17860983
34007,108.9776075
34008,114.1716012
34009,95.71945676
34010,85.45154142
34011,90.26608351
34012,86.32997153
34013,88.46006977
34014,79.66483877
34015,79.37970138
34016,80.20830758
34017,93.83432928
34018,99.66948373
34019,95.82394647
34020,84.63516192
34021,67.27826338
34022,49.67860935
34023,58.61507074
34024,78.87187227
34025,87.57127826
34026,88.84171528
34027,95.20823964
34028,120.5174861
34029,118.1623476
34030,111.2082161
34031,121.7150023
34032,115.1544876
34033,113.9055829
34034,106.7387821
34035,105.8250325
34036,102.9257219
34037,103.1096175
34038,108.0068503
34039,105.0042871
34040,100.8782097
34041,106.3524432
34042,111.433273
34043,112.9604979
34044,115.445375
34045,129.7846408
34046,118.0193805
34047,119.6342273
34048,114.5968084
34049,136.3175179
34050,139.1171184
34051,152.3255081
34052,187.0299607
34053,180.11464
34054,192.2062672
34055,168.7913447
34056,143.1027922
34057,129.1330553
34058,115.4200792
34059,99.29706251
34060,58.46973393
34061,37.78014542
34062,38.39316212
34063,43.11683227
34064,41.29800023
34065,21.90887467
34066,33.73187666
34067,23.89216484
34068,17.37449522
34069,16.40893939
34070,13.7937475
34071,14.19401772
34072,12.43332934
34073,11.24520922
34074,12.97060614
34075,16.03548224
34076,29.02021076
34077,25.19899813
34078,23.49661678
34079,45.89836218
34080,39.77900864
34081,37.36224316
34082,39.80397135
34083,28.65055924
34084,41.21824245
34085,44.36700295
34086,43.1951398
34087,52.37648692
34088,65.902594
34089,71.69833563
34090,61.13090563
34091,110.2277442
34092,44.41648924
34093,15.70968562
34094,10.46596289
34095,9.147256077
34096,8.381610426
34097,8.452539133
34098,7.598433927
34099,7.809223595
34100,7.104442446
34101,6.858694753
34102,5.855700148
34103,5.45315212
34104,4.943211565
34105,5.32275055
34106,6.575964231
34107,10.29985859
34108,8.115936497
34109,9.767535815
34110,7.869222296
34111,9.308247664
34112,8.99051368
34113,11.39932332
34114,14.91783473
34115,9.964034227
34116,9.877837718
34117,8.752659852
34118,8.472020712
34119,10.21105979
34120,9.76964713
34121,9.75794271
34122,11.79786684
34123,15.77974393
34124,25.29937798
34125,34.08429636
34126,32.11321583
34127,35.94069485
34128,34.62042267
34129,18.97082268
34130,17.91536864
34131,29.36126268
34132,28.24009495
34133,36.80187958
34134,25.27218844
34135,51.63751304
34136,64.64220639
34137,63.44361887
34138,10.90380452
34139,7.929664257
34140,10.35464514
34141,11.12702764
34142,8.07445406
34143,8.074751104
34144,8.519304913
34145,9.679264053
34146,8.358899807
34147,9.61721562
34148,10.16947711
34149,10.9916335
34150,9.023463151
34151,8.976491417
34152,14.81540295
34153,15.76925026
34154,15.97927541
34155,11.74835608
34156,9.591840852
34157,14.30459131
34158,11.28668242
34159,11.23793377
34160,9.019114015
34161,11.15071254
34162,10.97217027
34163,8.739671041
34164,11.34723851
34165,10.09237745
34166,11.9663285
34167,8.986762699
34168,11.95457287
34169,10.95738945
34170,9.218260538
34171,10.18312425
34172,13.69606535
34173,16.39871488
34174,14.59545225
34175,15.40223254
34176,14.38587257
34177,9.423475097
34178,8.651431597
34179,10.42152365
34180,15.92421322
34181,19.24227963
34182,17.02566556
34183,17.76105935
34184,18.74775326
34185,22.94955574
34186,26.29776173
34187,25.41420601
34188,13.666051
34189,13.4875253
34190,10.16207837
34191,10.82917907
34192,12.17474747
34193,11.85140802
34194,14.25354811
34195,18.88576303
34196,21.66046577
34197,18.68089686
34198,26.12213477
34199,32.08714261
34200,36.49552186
34201,31.38911287
34202,34.67672444
34203,22.51017706
34204,19.75245912
34205,19.57558063
34206,29.93685172
34207,17.50135987
34208,16.29765186
34209,35.15938412
34210,35.99936701
34211,29.82030823
34212,30.72467692
34213,30.29983595
34214,28.0426373
34215,30.04158986
34216,31.61568525
34217,39.17737967
34218,47.71355229
34219,55.84211847
34220,77.82669064
34221,92.25694878
34222,96.92184952
34223,95.98651421
34224,91.2111548
34225,93.69198499
34226,93.83214202
34227,78.4936019
34228,77.18988741
34229,90.33318167
34230,89.45998653
34231,95.21105695
34232,102.5835268
34233,113.9363079
34234,121.6301733
34235,119.6211951
34236,105.2141983
34237,102.5378996
34238,106.5216701
34240,102.0114261
34241,136.1049504
34242,143.0162324
34243,167.0021722
34244,196.209346
34245,212.9804318
34246,218.2117114
34247,200.7365878
34248,204.0013687
34249,203.6128574
34250,195.5660585
34251,190.9801411
34252,191.8140999
34253,194.6729829
34254,195.9650598
34255,196.5709727
34256,202.3408955
34257,194.8302954
34258,202.01975
34259,235.8477585
34260,291.5964517
34261,314.2880279
34262,179.3043004
34263,248.6235844
34264,194.3013538
34265,16.38623188
34266,1.561813656
34267,9.032054374
34268,7.573773656
34269,7.956285995
34270,7.967153858
34271,9.322361276
34272,10.92240763
34273,9.818892043
34274,10.20116963
34275,9.21341212
34276,9.181863503
34277,9.971670155
34278,10.52489471
34279,9.55955172
34280,12.18298517
34281,21.574297
34282,26.72260553
34283,17.71359705
34284,20.62884901
34285,29.70588533
34286,28.79196156
34287,33.02002164
34288,37.15087594
34289,36.70747318
34290,40.95762751
34291,59.50846669
34292,119.3859825
34293,194.2960619
34294,204.0796301
34295,249.5798274
34296,261.2999785
34297,176.8295969
34298,279.8737877
34299,268.4699592
34300,207.4531945
34301,198.1304944
34302,201.475226
34303,204.6159243
34304,159.6512089
34305,180.7552729
34306,172.6993922
34307,222.8081756
34308,218.2439189
34309,226.5317988
34310,193.6455536
34311,195.2976708
34312,174.0245756
34313,195.8246614
34314,207.8793652
34315,219.8108822
34316,251.5777616
34317,284.5166252
34318,282.1080313
34319,257.6033458
34320,231.1101198
34321,238.7379047
34322,251.2766856
34323,236.4719936
34324,90.07115994
34325,14.23757042
34326,4.347739761
34327,12.10805704
34328,10.60219102
34329,11.78720004
34330,9.894195862
34331,9.224335151
34332,8.998017617
34333,9.701756973
34334,9.343635053
34335,13.53532377
34336,14.23650534
34337,11.03715588
34338,9.020867779
34339,11.2714506
34340,8.275808519
34341,8.422548965
34342,8.592810128
34343,9.03688286
34344,8.220168827
34345,6.406424284
34346,4.259148941
34347,5.241596396
34348,4.387419774
34349,5.396130171
34350,3.348912261
34351,5.13627801
34352,6.255660205
34353,11.82558321
34354,10.10355704
34355,7.960534293
34356,7.741674906
34357,8.166250474
34358,9.057218062
34359,8.792801363
34360,8.505479211
34361,10.37727287
34362,10.06922064
34363,10.627497
34364,27.57671596
34365,44.17313132
34366,41.4542066
34367,37.39080054
34368,43.48582041
34369,39.3926207
34370,36.36046614
34371,36.86058183
34372,36.98003099
34373,35.8739186
34374,27.70268225
34375,30.84700307
34376,36.20865459
34377,45.65843645
34378,55.87425172
34379,58.4967236
34380,63.13166237
34381,39.57953227
34382,59.30500743
34383,55.90775339
34384,56.31447306
34385,50.26546488
34386,47.62796286
34387,40.38771432
34388,70.60254285
34389,77.8644179
34390,74.15061952
34391,21.26313029
34392,32.19230865
34393,22.42680716
34394,16.41496125
34395,16.24211749
34396,12.54719193
34397,13.43724226
34398,15.99131625
34399,10.26708106
34400,9.374712906
34401,12.5781795
34402,12.70636142
34403,11.5238759
34404,16.81167726
34405,10.51445736
34406,10.4600605
34407,12.74861283
34408,10.28246436
34409,10.70955161
34410,13.47449946
34411,13.87255012
34412,75.76202656
34413,105.8989849
34414,102.905973
34415,95.68049029
34416,100.2790309
34417,36.32518633
34418,23.2244533
34419,31.15942945
34420,20.78532661
34421,17.97698371
34422,32.55142196
34423,19.94174712
34424,19.12827783
34425,30.89003731
34426,29.11294578
34427,32.70573495
34428,30.2646083
34429,29.53744825
34430,33.32677316
34431,31.62733844
34432,33.84077903
34433,37.73577391
34434,44.54834144
34435,34.80320748
34436,100.7439817
34437,116.5719463
34438,88.80077845
34439,92.29320851
34440,85.73824447
34441,84.29194652
34442,69.61766386
34443,68.50961785
34444,67.26707611
34445,65.62001071
34446,63.93216178
34447,59.33228023
34448,60.03080881
34449,63.53993279
34450,65.87608776
34451,56.42218029
34452,31.45191946
34453,29.89783166
34454,40.58138907
34455,88.34453898
34456,119.6120835
34457,140.0190885
34458,127.319574
34459,203.4382005
34460,241.8114312
34461,201.9278419
34462,205.2524851
34463,198.4058739
34464,171.2114939
34465,176.2514288
34466,159.609297
34467,98.84453634
34468,168.5025943
34469,165.2981063
34470,184.098089
34471,171.6946746
34472,179.4431973
34473,206.5894239
34474,227.5868952
34475,241.1594548
34476,267.6553624
34477,263.312619
34478,229.8729057
34479,220.1687483
34480,233.3526322
34481,227.4165549
34482,226.9575705
34483,272.6196647
34484,282.1153928
34485,281.2053597
34486,197.0106911
34487,75.33402293
34488,50.82053036
34489,39.09893152
34490,23.34801599
34491,25.43947185
34492,22.19526807
34493,21.56039715
34494,21.20051112
34495,17.04913983
34496,20.6343186
34497,35.87504787
34498,36.07552402
34499,22.42786063
34500,31.54838865
34501,13.23602501
34502,11.94783946
34503,10.23851426
34504,9.990742662
34505,10.0668417
34506,5.756206774
34507,7.573769121
34508,10.62946423
34509,10.99988809
34510,8.063022398
34511,9.114270504
34512,9.583637906
34513,11.23475848
34514,16.00335348
34515,10.42482284
34516,11.03963571
34517,11.03233497
34518,9.579899915
34519,10.23478229
34520,12.65005292
34521,14.66459359
34522,15.45137205
34523,13.74969175
34524,11.72917245
34525,12.1909586
34526,13.02048972
34527,13.15933802
34528,13.43451849
34529,13.98756797
34530,17.48067288
34531,19.26758826
34532,42.21533027
34533,73.35014752
34534,70.76270576
34535,69.67615839
34536,58.89786104
34537,60.46272405
34538,49.01950968
34539,47.45469488
34540,53.60321319
34541,45.39158101
34542,44.23075315
34543,38.56706726
34544,50.69144158
34545,46.267338
34546,62.86358859
34547,74.34489603
34548,80.6920123
34549,98.35838351
34550,103.9436861
34551,105.4022524
34552,118.2253163
34553,100.657414
34554,90.67560102
34555,83.77746389
34556,97.34434073
34557,115.4705198
34558,130.831386
34559,134.7088983
34560,114.2522655
34561,103.4314142
34562,104.2634296
34563,95.34644436
34564,101.3522135
34565,99.79136316
34566,90.02790264
34567,46.45355436
34568,12.4470246
34569,12.53198676
34570,9.935134019
34571,8.557766019
34572,9.177300935
34573,10.47506388
34574,8.722674279
34575,12.33228886
34576,11.73038099
34577,8.781138272
34578,8.011119694
34579,7.585744809
34580,9.71963705
34581,10.80361988
34582,10.26249404
34583,8.863494678
34584,8.605063315
34585,9.281111767
34586,8.435901752
34587,7.96715304
34589,12.87548782
34590,9.223713278
34591,7.948711689
34592,9.042406913
34593,16.91130857
34594,12.74701179
34595,15.77357984
34596,13.01108624
34597,9.499213317
34598,7.442690526
34599,15.96456002
34600,9.576798974
34601,11.47725352
34602,12.784415
34603,11.14841533
34604,10.97164425
34605,11.65788645
34606,8.985153147
34607,10.25363943
34608,10.56150804
34609,9.197568387
34610,9.568455865
34611,9.202499015
34612,8.591894041
34613,8.473185711
34614,7.142074435
34615,10.10891772
34616,12.71179559
34617,22.37329906
34618,21.16667132
34619,14.56553427
34620,12.88951968
34621,12.75591674
34622,10.6616264
34623,12.71469622
34624,10.29278032
34625,12.44076112
34626,11.66653205
34627,11.40754637
34628,10.22455237
34629,11.16655456
34630,14.54583549
34631,10.33607364
34632,10.72649773
34633,20.02072099
34634,37.93966469
34635,40.52737414
34636,25.10334776
34637,21.11037153
34638,18.09213181
34639,19.49414273
34640,17.69325267
34641,25.80676351
34642,26.16234675
34643,32.58247475
34644,18.62493605
34645,14.54534741
34646,12.86434368
34647,10.09674436
34648,13.50959097
34649,12.5591997
34650,11.25528717
34651,18.38870864
34652,33.95838038
34653,106.7993536
34654,117.9747638
34655,49.61862744
34656,57.80408297
34657,47.08792619
34658,29.34948526
34659,35.18253178
34660,34.73456133
34661,31.14333321
34662,30.485874
34663,32.15039672
34664,28.37261253
34665,21.90146674
34666,28.21576964
34667,36.92855667
34668,29.66904598
34669,23.55793429
34670,23.60574321
34671,27.44573582
34672,36.3014219
34673,57.02897826
34674,109.2667854
34675,146.5299071
34676,183.790169
34677,179.9980145
34678,143.7320535
34679,126.4842137
34680,115.9586146
34681,110.9700049
34682,110.3838784
34683,112.0484033
34684,113.7717668
34685,114.4380293
34686,116.2916777
34687,114.6238009
34688,113.0936267
34689,99.91550977
34690,92.123459
34691,66.35777992
34692,46.79256397
34693,28.99179835
34694,19.35865579
34695,17.50789224
34696,19.93147356
34697,18.81633045
34698,21.67405672
34699,26.11983732
34700,46.80196011
34701,107.204266
34702,153.2189675
34703,171.3029718
34704,221.6473695
34705,204.8130888
34706,179.6340962
34707,151.5234692
34708,150.2190701
34709,137.4592086
34710,124.6347838
34711,117.6063575
34712,114.4647715
34713,124.7593468
34714,128.3783651
34715,158.034925
34716,189.8346722
34717,211.564935
34718,197.2324553
34719,173.7611772
34720,198.8739964
34721,237.4818355
34722,239.9650296
34723,250.6815312
34724,280.5178624
34725,279.3357861
34726,265.1649921
34727,245.6802677
34728,239.8701907
34729,242.7388147
34730,249.2484926
34731,154.3208065
34732,147.5907007
34733,240.2475632
34734,234.8058908
34735,236.1032569
34736,231.4919018
34737,228.838444
34738,236.326742
34739,241.2283071
34740,234.7760325
34741,228.7834707
34742,232.4913027
34743,207.676887
34744,161.0284924
34745,204.7133725
34746,193.3596096
34747,208.130217
34748,232.651224
34749,233.8321079
34750,231.7491054
34751,229.6831768
34752,223.7771791
34753,244.3729315
34754,238.2192099
34755,246.2109475
34756,248.0374031
34757,237.4074516
34758,237.4498768
34759,244.1451383
34760,213.0905672
34761,113.3155617
34762,83.12634778
34763,37.54953029
34764,31.51241388
34765,65.83078589
34766,12.11924329
34767,8.941518787
34768,8.574825092
34769,7.827371133
34770,12.59031911
34771,14.23858454
34772,12.36216147
34773,10.89102649
34774,9.711773517
34775,10.43386682
34776,9.847397721
34777,10.04008833
34778,9.756494576
34779,9.511692065
34780,9.171411943
34781,9.646536894
34782,19.31501269
34783,13.15088377
34784,18.10068989
34785,28.65020569
34786,17.43222721
34787,15.38110732
34788,10.68468559
34789,10.70032441
34790,11.7806558
34791,12.02829674
34792,12.246659
34793,12.66862719
34794,11.89141113
34795,14.3363575
34796,30.7388451
34797,30.16321714
34798,37.32601797
34799,45.03527169
34800,41.657122
34801,37.63705395
34802,37.40926496
34803,31.13863008
34804,35.09530018
34805,36.32249599
34806,37.57631282
34807,45.7441249
34808,52.17975134
34809,55.29409438
34810,68.36176007
34811,85.6017122
34812,92.23789929
34813,126.7857375
34814,92.50451021
34815,81.18986733
34816,65.86348477
34817,75.71480961
34818,75.27628186
34819,115.209804
34820,129.4350447
34821,144.1482516
34822,146.2243831
34823,133.4626198
34824,134.1371319
34825,159.9618994
34826,153.8081857
34827,119.866677
34828,113.9553637
34829,105.178155
34830,113.1533116
34831,116.0339957
34832,122.359845
34833,131.040616
34834,135.1205603
34835,150.4390787
34836,122.1527875
34837,147.0326444
34838,118.9641046
34839,78.45498254
34840,43.02043568
34841,51.04967606
34842,33.84376824
34843,45.09560622
34844,38.90756075
34845,35.8996132
34846,34.19522846
34847,42.84935687
34848,39.59170271
34849,34.2720339
34850,22.08543464
34851,16.68908578
34852,7.540919409
34853,7.11322181
34854,7.844115794
34855,5.737729966
34856,4.943860507
34857,5.570016726
34858,6.891165403
34859,8.875448273
34860,5.750625523
34862,4.513543259
34863,1.657984919
34866,8.594957897
34868,27.58491131
34869,25.70849538
34870,21.95184238
34871,25.65495808
34872,28.50682755
34875,20.80708886
34876,14.39727852
34879,26.59617803
34882,70.48466927
34883,95.66708403
34885,103.3170498
34887,134.5905418
34888,122.8067836
34889,124.2900316
34890,74.21365446
34891,54.86052734
34892,95.28831504
34893,90.12315321
34894,49.64049452
34895,82.70710016
34896,90.74873802
34897,71.44502624
34898,118.4058684
34899,122.3557128
34900,123.8598363
34901,109.6749476
34902,98.01849057
34903,99.64490953
34904,103.1777986
34905,108.012625
34906,120.8896148
34907,127.4416508
34908,113.7063902
34909,107.535836
34910,102.8677123
34911,98.6272246
34912,96.46669653
34913,106.7388874
34914,28.3414867
34915,13.96114376
34916,11.2652286
34917,9.052501825
34918,8.749895252
34919,11.95653335
34920,11.86498928
34921,9.54924269
34922,10.39880954
34923,9.590054672
34924,10.24537928
34925,13.65460029
34926,16.99827391
34927,24.90193883
34928,24.88591641
34929,20.60356704
34930,35.7615696
34931,26.68518232
34932,16.55103668
34933,11.29459979
34934,11.31162895
34936,5.02105791
34937,10.23303223
34938,10.01726134
34939,7.836843966
34940,10.91187798
34941,22.16813087
34942,26.79936392
34943,20.43691603
34944,18.79754235
34945,15.47420921
34946,18.86968178
34947,16.72972844
34948,23.90299968
34949,25.30021154
34950,24.92276433
34951,22.25816167
34952,21.52065011
34953,22.21996248
34954,24.0287956
34955,32.69847485
34956,24.72493153
34957,19.60552784
34958,14.38910275
34959,12.93888648
34960,12.00080715
34961,12.78838647
34962,12.73590037
34963,18.82179387
34964,12.63560865
34965,9.734713848
34966,7.87444305
34967,9.000127942
34968,9.794608318
34969,9.326476644
34970,9.410686766
34971,7.842396077
34972,7.592186603
34973,9.791511955
34974,13.61668684
34975,20.57260324
34976,24.27204944
34977,24.56872923
34978,38.58219589
34979,43.74656683
34980,40.55869747
34981,27.05112212
34982,15.06320579
34983,10.67259946
34984,12.6244496
34985,12.33853428
34986,13.50163767
34987,15.70395287
34988,30.25822624
34989,23.35677446
34990,27.62782208
34991,16.13998426
34992,13.40404359
34993,15.57208544
34994,13.63032235
34995,13.65249727
34996,14.57004379
34997,21.87364462
34998,21.26218479
34999,20.6642849
35000,23.02383219
35001,28.18108606
35002,25.8569986
35003,21.00200188
35004,17.23440522
35005,16.62117726
35006,15.49539745
35007,18.75342958
35008,18.17413076
35009,25.81170185
35010,28.38624795
35011,28.55545484
35012,38.28630356
35013,68.62808686
35014,73.58067174
35015,63.3961353
35016,50.79650491
35017,43.50867425
35018,31.11314973
35019,35.07072024
35020,40.45954418
35021,38.15698741
35022,41.77610882
35023,38.7706335
35024,46.0000852
35025,53.27791891
35026,51.7470868
35027,48.20951083
35028,53.1960058
35029,50.21826442
35030,75.16235939
35031,79.77293335
35032,80.11050731
35033,92.94177907
35034,60.81493949
35035,40.01222752
35036,67.91344714
35037,85.00399279
35038,99.26347626
35039,78.22989443
35040,68.88098961
35041,64.27500847
35042,67.46584365
35043,31.09109787
35044,23.68460366
35045,24.00069739
35046,13.67414038
35047,23.91900297
35048,25.67278307
35049,41.26673146
35050,32.36247433
35051,35.16311454
35052,27.22715585
35053,12.95912849
35054,7.463958855
35055,6.731702046
35056,6.965691837
35057,9.538383959
35058,7.736710355
35059,7.442534436
35060,9.92464095
35061,17.53715686
35062,19.53669494
35063,14.25588957
35064,10.02895739
33649,289.572803
33650,464.9654265
33651,395.8044853
33652,376.2322147
33653,350.0218552
33654,374.1141589
33655,368.9734333
33656,362.3560109
33657,395.4970655
33658,393.3593011
33659,409.2541941
33660,376.7774835
33661,403.4538536
33662,491.5332523
33663,509.5173896
33664,524.7674871
33665,513.108305
33666,482.8290894
33667,478.7147714
33668,461.69334
33669,447.5085548
33670,405.4267305
33671,379.7589824
33672,378.6423873
33673,409.3372945
33674,410.8970192
33676,399.1419702
33677,314.2029262
33678,195.0741215
33679,69.82327172
33680,40.06027219
33681,34.83689995
33682,9.608235266
33683,12.31612274
33684,15.62729233
33685,113.1549104
33686,167.0617296
33687,177.2485614
33688,192.872859
33689,185.3599174
33690,184.4029685
33691,133.7099157
33692,120.6224182
33693,113.2011462
33694,117.1227003
33695,124.8857899
33696,148.9373079
33697,236.3469519
33698,298.1082652
33699,353.0295663
33700,373.250798
33701,356.370406
33702,365.397495
33703,346.5302241
33704,346.9907868
33705,336.925811
33706,316.4601397
33707,292.9479799
33708,267.7597531
33709,208.4420485
33710,212.4118004
33711,265.5372493
33712,249.4967129
33713,296.0380639
33714,238.0926142
33715,341.1937269
33716,401.9806097
33717,466.0145256
33718,520.2035394
33719,522.4674896
33720,556.4619212
33721,543.2818905
33722,537.7061714
33723,368.0561822
33724,364.6944029
33725,360.0768733
33726,317.0761419
33727,318.983007
33728,350.83556
33729,462.4872519
33730,400.6209825
33731,351.7176471
33732,257.6322198
33733,209.9022799
33734,249.3024099
33735,263.4524942
33736,310.1966389
33737,315.1683549
33738,299.1003232
33739,330.7507241
33740,347.8646437
33741,375.2515076
33742,359.9723876
33743,329.9014961
33744,251.9446471
33745,172.8214044
33746,157.4265309
33747,158.7325713
33748,161.8824917
33749,218.9813158
33750,242.2436172
33751,379.9075761
33752,393.2158884
33753,386.3006695
33754,363.3529574
33755,290.1061841
33756,271.604856
33757,225.9476426
33758,229.333506
33759,108.8029451
33760,164.7040701
33761,183.5772254
33762,178.4775566
33763,180.7110456
33764,191.0570089
33765,182.9344898
33766,163.924124
33767,178.0224738
33768,192.7851158
33769,197.3830885
33770,197.8169298
33771,191.2326688
33772,208.482775
33773,198.5567043
33774,229.2133941
33775,236.8821754
33776,237.5572211
33777,258.728656
33778,264.4709508
33779,275.6054343
33780,305.1276615
33781,265.5887045
33782,229.785988
33783,194.7753282
33784,204.5807306
33785,192.4125747
33786,203.9243827
33787,212.873933
33788,213.0390514
33789,241.5552322
33790,153.9372035
33791,248.1194763
33792,253.2480185
33793,262.2191412
33794,263.1453222
33795,262.9194283
33796,267.7321588
33797,283.1326411
33798,284.1922484
33799,248.7414454
33800,221.4840421
33801,196.1666064
33802,166.0101967
33803,163.1407088
33804,161.2359746
33805,185.728765
33806,186.4661882
33807,159.5357186
33808,132.3085826
33809,132.5412339
33810,132.8482468
33811,130.83073
33812,135.0252958
33813,88.43269245
33814,160.4415308
33815,177.1957198
33816,174.3245247
33817,110.0840675
33818,82.49152484
33819,24.08179802
33820,17.97638134
33821,12.57740101
33822,10.30267708
33823,11.79341841
33824,11.36300222
33825,11.58046489
33826,13.04942773
33827,14.4776929
33828,15.49059091
33829,14.62035278
33830,16.42461167
33831,15.41645697
33832,13.98521255
33833,13.87334759
33834,12.9200395
33835,13.78454287
33836,14.07066043
33837,13.70310898
33838,11.42898839
33839,9.908280676
33840,8.99509612
33841,9.167072703
33842,7.100668331
33843,7.972119878
33844,8.042612354
33845,7.97918213
33846,7.372981934
33847,6.856796255
33848,7.73722998
33849,9.982317686
33850,8.689847801
33851,9.320765362
33852,10.19552494
33853,12.07792273
33854,15.46268831
33855,18.16541345
33856,18.53635177
33857,28.49211865
33858,31.23161804
33859,39.53809425
33860,28.41677514
33861,73.0591597
33862,103.9846987
33863,132.1954881
33864,118.0249517
33865,73.70620826
33866,57.90558147
33867,16.42618524
33868,5.686138416
33869,5.563815279
33870,6.003485831
33871,7.521731336
33872,7.298571311
33873,6.140375929
33874,9.764636077
33875,9.076161856
33876,7.089408822
33877,6.568534295
33878,7.977072145
33879,10.15476351
33880,11.34048427
33881,13.05376281
33882,15.23194461
33883,15.5833085
33884,43.62955778
33885,72.96286505
33886,83.54956568
33887,89.01638886
33888,81.47466821
33889,74.66903372
33890,73.90208149
33891,79.07931105
33892,85.53774014
33893,89.2395322
33894,78.76393216
33895,80.40512874
33896,47.99162431
33897,51.96385522
33898,57.47790978
33899,55.50550035
33900,67.45527433
33901,64.71467623
33902,89.08646071
33903,41.57359313
33904,37.15850389
33905,73.85274197
33906,120.0941257
33907,122.6683186
33908,108.5892546
33909,59.27321969
33910,44.43619314
33911,32.94470311
33912,32.35192242
33913,51.14854206
33914,23.67845697
33915,15.11654593
33916,21.67913131
33917,29.56975561
33918,22.59806661
33919,19.64323463
33920,17.11434599
33921,14.66889006
33922,19.85482163
33923,18.78104503
33924,18.81884451
33925,22.50831207
33926,43.48059215
33927,54.57233464
33928,61.95372553
33929,90.12905805
33930,100.7968611
33931,101.9433265
33932,124.3296796
33933,104.7135475
33934,32.23115653
33935,16.70809093
33936,10.38850163
33937,7.693207259
33938,7.488233882
33939,8.646195303
33940,8.388501311
33941,7.218567646
33942,8.551824091
33943,9.440424112
33944,9.958443463
33945,10.85682553
33946,10.30452662
33947,8.860464856
33948,11.59128082
33949,11.2690327
33950,9.87031234
33951,11.92890168
33952,12.58246201
33953,10.38825179
33954,14.32260935
33955,11.36433523
33956,12.77521392
33957,13.68651018
33958,17.55023853
33959,16.03266988
33960,12.3133704
33961,17.925917
33962,15.25862256
33963,14.16873164
33964,12.15601821
33965,13.72432129
33966,11.41244469
33967,11.07437848
33968,9.84745074
33969,11.54309021
33970,14.43598844
33971,15.97971011
33972,9.983338982
33973,11.47233672
33974,10.2309817
33975,15.52780186
33976,10.23904656
33977,21.1241978
33978,22.68995501
33979,31.89663618
33980,66.34650858
33981,78.07783762
33982,82.17288387
33983,70.42708346
33984,65.90725479
33985,46.71990545
33986,41.27638571
33987,43.19572869
33988,58.58996214
33989,62.64006791
33990,68.78309423
33991,73.08870801
33992,53.40041216
33993,41.72968071
33994,30.70673998
33995,30.55139981
33996,35.73331295
33997,35.67217332
33998,38.93582841
33999,42.91454812
34000,50.77706035
34001,58.8483486
34002,80.31795678
34003,82.53763654
34004,75.02347137
34005,82.54156631
34006,81.08207028
34007,90.5355401
34008,94.02736076
34009,89.84540619
34010,95.56126878
34011,101.066776
34012,113.8510511
34013,110.3979258
34014,114.4125312
34015,110.3160951
34016,113.5919734
34017,95.88085616
34018,70.00578511
34019,55.91132315
34020,51.17826811
34021,65.25166157
34022,79.50407018
34023,101.9274604
34024,110.258292
34025,108.1463773
34026,110.9705327
34027,118.7874903
34028,127.0005415
34029,149.608623
34030,135.8167132
34031,105.9181252
34032,101.5060295
34033,101.1846657
34034,101.4088978
34035,97.07309978
34036,103.0626473
34037,114.8249857
34038,108.09981
34039,116.2765265
34040,136.3589831
34041,156.0969499
34042,162.0964783
34043,138.3763352
34044,129.4181109
34045,144.1861388
34046,160.5857404
34047,162.1892559
34048,154.1088001
34049,190.2765702
34050,198.8425203
34051,184.6597317
34052,182.3621766
34053,178.4460016
34054,162.9009828
34055,196.0437593
34056,163.4778452
34057,149.9965914
34058,142.28376
34059,106.123922
34060,62.66993944
34061,43.86206574
34062,25.96564175
34063,19.47085089
34064,20.89027147
34065,19.92872104
34066,22.2727804
34067,20.68855089
34068,15.65898141
34069,14.35413267
34070,13.9236465
34071,12.18070003
34072,21.40127293
34073,32.36598134
34074,38.79073064
34075,40.62758696
34076,39.13774729
34077,39.54605787
34078,45.68125635
34079,70.08791895
34080,68.31604044
34081,64.41997261
34082,80.86371791
34083,100.3332632
34084,114.1537195
34085,135.0723221
34086,119.1694228
34087,106.4554586
34088,100.5595795
34089,99.72211361
34090,82.87342157
34091,77.86736109
34092,33.77236501
34093,23.25573015
34094,19.28357445
34095,15.72012955
34096,9.115910415
34097,14.90671721
34098,8.718090511
34099,12.33314298
34100,6.181868315
34101,10.2602067
34102,7.887744156
34103,7.524741687
34104,6.758193346
34105,6.396398051
34106,6.934536667
34107,4.281574589
34108,6.047726671
34109,4.942704263
34110,5.82765408
34111,5.708776784
34112,6.224385739
34113,10.7895876
34114,13.26438028
34115,8.848136155
34116,11.7862206
34117,12.22148624
34118,9.91475194
34119,13.45747549
34120,25.96759021
34121,25.10548392
34122,21.59803408
34123,18.06255342
34124,29.70001362
34125,38.96086266
34126,47.57698302
34127,46.60432005
34128,38.10941404
34129,33.25044643
34130,49.94890388
34131,70.02300377
34132,106.8779766
34133,113.9104848
34134,109.8405753
34135,70.56591106
34136,13.50461292
34137,13.70333772
34138,8.652804362
34139,4.441984096
34140,7.986825566
34141,8.601135664
34142,11.74502226
34143,11.37132713
34144,8.652404091
34145,8.984096143
34146,9.697444849
34147,9.695315828
34148,11.125687
34149,9.745850334
34150,9.013900452
34151,9.844572465
34152,8.567185898
34153,6.700532944
34154,14.57421401
34155,16.23291564
34156,11.83647115
34157,13.26143022
34158,14.30579784
34159,12.49524964
34160,12.99708456
34161,16.64387506
34162,10.48291346
34163,13.61006127
34164,15.17010982
34165,11.77101129
34166,14.40541855
34167,19.90900172
34168,23.50639285
34169,31.75748935
34170,43.41320632
34171,36.92915024
34172,67.90811531
34173,63.18957797
34174,56.21241111
34175,54.66039415
34176,47.39572629
34177,27.07445092
34178,21.39879084
34179,17.3268296
34180,15.43203955
34181,14.68589915
34182,15.07057567
34183,14.59511781
34184,15.21694834
34185,16.32126156
34186,11.03720122
34187,11.96431881
34188,12.53953249
34189,14.99479153
34190,14.79394276
34191,16.31987292
34192,22.48080907
34193,26.2012897
34194,34.75663901
34195,43.38304837
34196,59.52853608
34197,72.67143974
34198,84.47141178
34199,93.80627534
34200,104.6369231
34201,131.1331138
34202,155.0755628
34203,146.049227
34204,135.0793829
34205,131.9856634
34206,151.7206789
34207,149.7617104
34208,110.8609813
34209,82.39302816
34210,51.94281363
34211,35.82967979
34212,29.62927861
34213,39.91128045
34214,42.92632919
34215,51.31044649
34216,68.76301366
34217,89.92868576
34218,110.7485062
34219,109.2598045
34220,106.7230947
34221,108.8964432
34222,104.9673237
34223,102.4649757
34224,107.1201058
34225,151.4952405
34226,163.4102285
34227,172.692543
34228,192.4783706
34229,202.778243
34230,219.7539586
34231,221.741361
34232,174.5852926
34233,173.849398
34234,146.1795879
34235,117.5862689
34236,104.5287507
34237,105.5060987
34238,113.4844818
34240,128.8301331
34241,155.9536816
34242,178.7010304
34243,157.9272156
34244,201.033976
34245,109.0615573
34246,222.0256332
34247,229.3930222
34248,249.8726577
34249,262.3640973
34250,277.5225019
34251,292.6269445
34252,326.1633289
34253,317.9304366
34254,325.4175321
34255,315.57899
34256,316.459075
34257,293.4613025
34258,280.7129452
34259,275.0614986
34260,293.3685495
34261,291.0689401
34262,220.7156061
34263,100.7466552
34264,38.28993845
34265,22.04796013
34266,18.69865403
34267,9.711475468
34268,10.48058032
34269,9.11467861
34270,6.973503378
34271,6.42413995
34272,7.786197691
34273,7.167625754
34274,8.138951847
34275,8.711087119
34276,10.36110168
34277,10.68945095
34278,8.42851679
34279,9.689588306
34280,10.42013209
34281,14.47818342
34282,19.14148734
34283,20.28634356
34284,20.31626096
34285,29.72692072
34286,33.12602061
34287,31.99817787
34288,31.79720059
34289,25.64052453
34290,35.343329
34291,46.94437562
34292,57.64296846
34293,71.9584592
34294,114.8854352
34295,179.7155579
34296,372.633763
34297,350.1424693
34298,146.6403588
34299,358.1137985
34300,473.8446116
34301,411.5398643
34302,550.5267912
34303,401.5482488
34304,418.9269013
34305,394.8186584
34306,269.2005188
34307,267.8670406
34308,260.0844473
34309,255.617836
34310,226.8697963
34311,217.3086352
34312,244.8011642
34313,243.7845513
34314,248.5890609
34315,231.7707282
34316,240.8403083
34317,261.4860123
34318,270.7567126
34319,194.3064012
34320,304.3987272
34321,272.7297807
34322,287.3053578
34323,239.9311249
34324,50.93799708
34325,15.54256343
34326,9.92835788
34327,9.744971011
34328,12.36751058
34329,12.63357946
34330,11.971957
34331,9.123230344
34332,9.182202093
34333,10.57576131
34334,9.416021531
34335,10.60665386
34336,11.27882899
34337,8.538971544
34338,10.79535939
34339,9.745881688
34340,9.665314807
34341,8.935598279
34342,6.950104479
34343,6.483154114
34344,7.752492641
34345,6.043962951
34346,6.904390167
34347,6.204154048
34348,4.020147759
34349,3.423259211
34350,2.164021954
34351,4.843034996
34352,4.513984787
34353,5.101671629
34354,3.237936982
34355,5.697278995
34356,5.350480433
34357,7.258067761
34358,7.979774633
34359,6.759094026
34360,9.405260985
34361,8.720279154
34362,12.79945887
34363,56.72468265
34364,33.65733929
34365,38.01230341
34366,42.56765548
34367,40.50973801
34368,38.06071689
34369,46.48354122
34370,40.14133014
34371,56.02540742
34372,61.09411578
34373,62.86431148
34374,63.35186242
34375,63.85520421
34376,68.88822284
34377,78.75598599
34378,73.85658703
34379,53.04012121
34380,50.63329131
34381,45.24783076
34382,54.2526482
34383,63.93368185
34384,60.94670519
34385,60.0473602
34386,60.31509487
34387,38.32402179
34388,61.79161204
34389,84.31705874
34390,26.56671692
34391,10.39649663
34392,6.341916225
34393,6.578018935
34394,7.848547193
34395,7.200084486
34396,7.77864587
34397,8.154111115
34398,10.36581926
34399,10.04381055
34400,7.817585392
34401,7.982088966
34402,5.506623829
34403,6.754464626
34404,5.734722207
34405,6.827510216
34406,8.712523723
34407,10.78202152
34408,16.31571923
34409,15.93041904
34410,18.68053401
34411,32.82049524
34412,42.29384943
34413,69.28604917
34414,66.79783409
34415,79.61822381
34416,110.3148912
34417,135.2536972
34418,142.9770427
34419,145.8916693
34420,144.5408897
34421,119.415465
34422,86.51053182
34423,62.28883258
34424,47.27491961
34425,29.8702503
34426,21.37490215
34427,24.34208565
34428,30.05885401
34429,36.33807397
34430,26.36369978
34431,53.36836795
34432,59.91718034
34433,67.74242719
34434,79.90224605
34435,94.01761991
34436,118.1460638
34437,130.3041779
34438,146.4807867
34439,145.6373488
34440,161.0559345
34441,141.4662562
34442,253.4054658
34443,220.4038131
34444,234.4361461
34445,208.5859737
34446,189.9323794
34447,125.5805792
34448,28.84943129
34449,65.47575826
34450,56.40787747
34451,56.23772694
34452,53.33113965
34453,55.96809624
34454,82.96268421
34455,106.4585436
34456,123.6355697
34457,193.2414811
34458,223.5101706
34459,200.4387807
34460,243.2914232
34461,244.7096287
34462,265.3501216
34463,279.4466832
34464,273.7337701
34465,299.7359463
34466,280.6831989
34467,276.8666452
34468,285.748819
34469,311.1266996
34470,307.6234749
34471,324.0171365
34472,327.1522066
34473,328.3462708
34474,322.3237183
34475,158.8801264
34476,268.2126897
34477,244.7856578
34478,229.2097139
34479,267.110768
34480,171.3677667
34481,309.183371
34482,304.8869055
34483,299.442744
34484,304.4823252
34485,163.4801338
34486,9.293860376
34487,5.366132007
34488,6.079566806
34489,9.724404507
34490,12.71675172
34491,10.38867787
34492,13.73524886
34493,13.17937575
34494,13.02035356
34495,12.74770929
34496,12.82208081
34497,8.979918762
34498,9.314398552
34499,7.596068455
34500,7.015012565
34501,8.357281094
34502,8.412935257
34503,6.694980647
34504,12.87967067
34505,12.74606823
34506,11.49363558
34507,7.980266162
34508,8.456075476
34509,9.095537172
34510,9.486736689
34511,16.60747673
34512,8.06186628
34513,11.67861978
34514,12.74906368
34515,10.30638645
34516,11.33200443
34517,8.311024928
34518,10.79790709
34519,9.023481727
34520,10.13813615
34521,11.34909014
34522,9.401742215
34523,8.615963341
34524,8.117577511
34525,10.33023264
34526,10.40937816
34527,12.8949509
34528,13.25279538
34529,17.96987354
34530,17.7972693
34531,18.80447224
34532,21.79620691
34533,23.10217115
34534,29.23779789
34535,39.17144859
34536,43.50007349
34537,56.37821635
34538,67.78402374
34539,67.6543932
34540,67.71721486
34541,72.22380192
34542,71.9966464
34543,51.50369306
34544,57.88909629
34545,54.56881391
34546,59.6185626
34547,79.49640914
34548,47.39563751
34549,43.16025233
34550,38.29496521
34551,41.43818566
34552,42.93484433
34553,43.01914933
34554,100.4288661
34555,125.4359134
34556,120.3889353
34557,119.1441985
34558,81.06870065
34559,132.8901704
34560,110.5323841
34561,107.4185589
34562,113.6416859
34563,112.5989314
34564,75.89273179
34565,133.6327539
34566,108.2502472
34567,70.85581348
34568,54.67163685
34569,16.25974067
34570,7.939719849
34571,7.033688426
34572,8.766629514
34573,10.2334055
34574,13.46597679
34575,10.96281082
34576,12.27641566
34577,10.04547146
34578,8.607744076
34579,9.867556576
34580,9.734826555
34581,10.54068032
34582,9.03908953
34583,9.168585934
34584,8.830789778
34585,11.91350401
34586,10.14420819
34587,10.10371513
34589,8.247593437
34590,8.226406404
34591,8.884336911
34592,6.3593671
34593,11.38691792
34594,7.626803699
34595,6.681945065
34596,6.098590795
34597,6.909071163
34598,7.260862771
34599,50.29226237
34600,18.80407119
34601,11.14633826
34602,13.31618144
34603,11.86391511
34604,11.1273525
34605,10.3949683
34606,12.05813365
34607,9.198476612
34608,9.369702948
34609,9.723156171
34610,9.719908342
34611,10.46277617
34612,10.09735907
34613,9.030041659
34614,7.263648414
34615,8.054533756
34616,9.76736808
34617,10.73290109
34618,8.031054191
34619,5.793989548
34620,5.253520081
34621,8.60735531
34622,10.27489619
34623,13.70157868
34624,11.41338539
34625,12.94611002
34626,10.27614509
34627,11.28130643
34628,10.32297189
34629,8.890905303
34630,10.14115608
34631,9.197567639
34632,9.513615862
34633,9.387952774
34634,9.498863855
34635,12.30851781
34636,10.83747476
34637,12.25237907
34638,9.719093461
34639,7.837683147
34640,10.97893094
34641,17.93938049
34642,12.33120518
34643,18.09159579
34644,19.75631854
34645,15.30394841
34646,10.00052328
34647,10.82058266
34648,13.11912972
34649,13.23554605
34650,26.31367132
34651,41.33324704
34652,49.46451491
34653,50.40456288
34654,138.6126493
34655,370.8229079
34656,320.2666593
34657,300.6225695
34658,332.5098473
34659,303.7899404
34660,249.9472772
34661,178.3885219
34662,106.6786636
34663,68.49053775
34664,80.35464327
34665,119.6182813
34666,109.8359561
34667,158.0114209
34668,201.873643
34669,193.4313371
34670,132.3685238
34671,134.4175111
34672,177.7298645
34673,118.6925496
34674,143.8098818
34675,157.2506577
34676,151.2600294
34677,124.5186477
34678,130.6724865
34679,173.7572941
34680,201.7291832
34681,206.2059522
34682,214.4296465
34683,260.2648177
34684,192.9095428
34685,247.9547987
34686,196.539816
34687,168.0679159
34688,132.1670112
34689,101.699535
34690,79.56075271
34691,47.84390256
34692,28.1181321
34693,22.52825928
34694,18.30456852
34695,16.30153875
34696,18.56975544
34697,15.56571637
34698,18.33060365
34699,18.39831211
34700,103.2646697
34701,79.77004298
34702,137.2375568
34703,178.8608388
34704,154.7983733
34705,135.1598011
34706,135.7211183
34707,131.3626188
34708,131.6352907
34709,133.1839102
34710,127.7938416
34711,128.6420495
34712,132.5863862
34713,132.8396438
34714,152.3242756
34715,169.7504717
34716,190.2346756
34717,211.1355105
34718,216.0644992
34719,201.2376886
34720,206.3194193
34721,211.0500816
34722,199.9427231
34723,201.1971745
34724,190.8600572
34725,205.0428726
34726,216.5584513
34727,259.3909316
34728,253.7733003
34729,256.2571684
34730,255.7663968
34731,243.0380871
34732,242.701944
34733,260.6454294
34734,249.9943874
34735,241.9330272
34736,219.3210289
34737,216.1748673
34738,229.5319351
34739,241.3093082
34740,250.1317016
34741,262.4068073
34742,229.9623097
34743,223.4567619
34744,228.2554638
34745,232.9466758
34746,232.3637899
34747,233.7234417
34748,239.0758004
34749,238.6138453
34750,256.7367398
34751,257.052746
34752,251.9926307
34753,280.0511996
34754,252.6567889
34755,265.4733069
34756,262.8079586
34757,267.0055023
34758,275.766268
34759,274.1105909
34760,226.703266
34761,144.6185701
34762,100.2405626
34763,65.95665185
34764,27.78267813
34765,25.95477429
34766,21.86439711
34767,11.87589672
34768,9.875365452
34769,15.3400174
34770,8.451403956
34771,11.88854452
34772,12.67975057
34773,12.525014
34774,9.361130126
34775,5.942156439
34776,4.422203828
34777,7.817977409
34778,8.731098249
34779,6.584279965
34780,7.240380753
34781,7.240183328
34782,8.577123002
34783,7.863118978
34784,10.77048155
34785,12.77739226
34786,9.658480173
34787,7.150134023
34788,7.228585654
34789,7.811589508
34790,7.89747588
34791,9.09071394
34792,13.0339564
34793,17.24103352
34794,27.48900959
34795,46.86659731
34796,69.82372104
34797,62.52026522
34798,65.28942887
34799,73.25448088
34800,65.38860833
34801,62.24393276
34802,78.45527595
34803,75.60665139
34804,81.66146006
34805,87.51744713
34806,112.0391836
34807,118.6535791
34808,106.2721585
34809,109.2280317
34810,95.59912436
34811,98.39025118
34812,79.55524736
34813,79.89798504
34814,88.78077975
34815,97.73612649
34816,88.73946126
34817,85.19789456
34818,57.55876589
34819,67.98397347
34820,77.56083318
34821,94.34470933
34822,86.590798
34823,89.60544468
34824,86.44758653
34825,114.7789816
34826,128.2717062
34827,93.67997768
34828,150.9028872
34829,140.3895864
34830,146.3253105
34831,143.3731529
34832,142.5857095
34833,147.7332569
34834,139.7822732
34835,145.8494217
34836,136.4741268
34837,129.6171094
34838,130.0693148
34839,117.0122151
34840,63.8682383
34841,21.45294336
34842,23.648712
34843,20.93862387
34844,9.01201661
34845,15.47350041
34846,12.74347954
34847,15.23014958
34848,5.033948662
34849,0.63641032
34850,4.801200601
34851,3.223208476
34852,3.419188355
34853,5.226094464
34854,2.896906223
34855,1.264922634
34856,1.762313426
34857,4.118418838
34858,2.621381669
34859,0.689446188
34860,0.952861667
34861,8.185108866
34862,6.475513297
34863,7.377358228
34866,5.330845457
34868,12.08105431
34869,22.06748924
34870,18.55883481
34871,20.43719872
34872,25.28810016
34875,29.05578262
34876,31.03557032
34879,52.13731586
34882,44.94789804
34883,47.93586008
34885,54.99562582
34887,37.60882982
34888,48.13186912
34889,44.14487569
34890,43.10550855
34891,40.07186927
34892,52.22992849
34893,68.18322694
34894,71.31901942
34895,52.9212622
34896,37.90031332
34897,52.33745415
34898,58.85190068
34899,48.78840267
34900,76.14590008
34901,55.21384849
34902,82.91151395
34903,82.53782692
34905,82.03352949
34906,88.85892134
34907,100.2478827
34908,124.1654333
34909,113.4169557
34910,115.9519666
34911,119.6485948
34913,83.48293719
34914,54.55904107
34915,12.5061225
34916,10.74531304
34917,8.821716183
34918,11.10556979
34919,9.146210766
34920,8.789435726
34921,9.192434097
34922,7.275873946
34923,8.859680612
34924,8.221018674
34925,10.80160932
34926,11.18629795
34927,11.24292641
34928,10.99429859
34929,12.50168868
34930,11.46596237
34931,9.303143277
34932,12.82266369
34933,10.51948988
34934,9.864684792
34935,8.733444999
34936,16.46638828
34937,26.07791783
34938,24.00645397
34939,24.99889867
34940,25.53036645
34941,34.84438595
34942,33.22445226
34943,34.00036973
34944,37.66505907
34945,44.05879538
34946,56.92329707
34947,74.72213098
34949,77.39489896
34950,44.42964953
34951,21.61509859
34952,27.18935776
34953,21.05003254
34954,19.46984828
34955,21.95880691
34956,18.70463053
34957,13.07700485
34958,13.02721478
34960,16.64565788
34961,12.30944363
34962,10.15729536
34963,13.22325068
34964,12.9017478
34965,14.03236203
34966,11.7634323
34967,11.94003075
34968,12.12120195
34969,16.58576727
34970,14.75658308
34971,10.66755055
34972,10.14503858
34973,9.301780359
34974,9.180028259
34975,9.452211537
34976,9.066024182
34977,9.494568934
34978,13.64586546
34979,12.83116615
34980,10.24845271
34981,9.910820632
34982,10.00780526
34983,11.63689234
34984,16.31931131
34985,13.56075461
34986,13.05513168
34988,13.12689792
34989,18.24144243
34990,17.24059913
34991,18.56954829
34992,20.51507416
34993,15.41030381
34994,15.8129225
34995,16.04329267
34996,16.62561847
34997,21.65948337
34998,20.80236472
34999,17.1468788
35000,18.81111257
35001,17.5233965
35002,15.61882026
35003,20.16866271
35004,16.40799265
35005,17.26161082
35006,14.82340547
35008,27.08647402
35009,27.4285574
35010,24.19894514
35011,20.75575136
35012,24.37745844
35013,34.83983068
35014,35.33351719
35015,36.74237826
35016,47.40721813
35017,36.13285091
35018,34.93065261
35019,26.03516671
35020,86.33247513
35021,123.0626571
35022,141.9940918
35023,121.6493555
35024,110.5536649
35025,83.72757011
35026,95.28711253
35028,77.94833779
35029,211.9579552
35031,152.4888796
35032,79.60494971
35033,50.59686651
35034,42.51980567
35035,32.47847982
35036,38.21243954
35037,37.39306142
35038,21.65274512
35039,43.00231119
35040,55.31665783
35041,74.80285263
35042,40.9250031
35044,28.66374933
35045,13.44598383
35046,10.54391558
35047,3.382902962
35048,8.393629274
35049,7.743627814
35050,6.696712117
35051,7.629216123
35052,2.045426979
35053,6.867965997
35054,7.59419698
35057,8.085096351
35058,10.67982264
35059,6.955940721
35060,9.118408511
35061,11.27270176
35062,16.68910872
35063,16.42950679
35064,14.78466069
33649,323.0150625
33650,482.8800767
33651,394.1435692
33652,348.6147485
33653,337.6369795
33654,337.3430658
33655,343.9670755
33656,317.1383611
33657,319.7706171
33658,313.4445462
33659,357.6828234
33660,348.4318733
33661,378.8160868
33662,439.134508
33663,416.3868924
33664,452.3470714
33665,455.1399901
33666,390.0981216
33667,367.6811616
33668,376.7500748
33669,360.7067103
33670,358.2209058
33671,373.2146979
33672,373.8572868
33673,390.0986586
33674,446.3654741
33675,402.9570715
33676,371.8797781
33677,328.2625801
33678,309.9698861
33679,244.2622354
33680,183.8813519
33681,146.5881997
33682,94.18768899
33683,69.32381208
33684,51.45882914
33685,30.59838629
33686,19.36697127
33687,73.95608267
33688,74.34801643
33689,97.68644534
33690,178.5815305
33691,199.3942387
33692,203.6073494
33693,209.8825189
33694,235.7436752
33695,264.1906709
33696,258.6273609
33697,319.3078958
33698,249.2341862
33699,221.841777
33700,221.7373148
33701,231.313531
33702,197.810775
33703,178.356623
33704,166.3004865
33705,149.0300203
33706,166.4377109
33707,142.1248097
33708,131.3501469
33709,113.9146017
33710,102.8642544
33711,105.9405611
33712,99.49811214
33713,140.9399939
33714,368.4522485
33715,414.7254556
33716,438.7053428
33717,490.0728034
33718,523.9371169
33719,539.1870863
33720,519.8621948
33721,498.4622619
33722,502.5451936
33723,492.8871803
33724,321.7804844
33725,349.9226923
33726,312.077758
33727,422.8440287
33728,266.8222308
33729,268.8995823
33730,214.5636364
33731,253.9919675
33732,201.4200668
33733,170.939655
33734,288.896605
33735,262.6141358
33736,221.4066208
33737,222.7025044
33738,227.9532962
33739,87.63007063
33740,157.8582351
33741,325.3037339
33742,307.2961554
33743,268.2382144
33744,221.3720413
33745,256.3083028
33746,276.0884486
33747,271.0051192
33748,357.6696729
33749,448.1431435
33750,477.2722479
33751,444.1736229
33752,384.0348128
33753,303.3110393
33754,270.5628858
33755,275.7492377
33756,305.3336634
33757,296.4448235
33758,285.1969774
33759,248.271171
33760,198.9146762
33761,170.8520808
33762,159.4290713
33763,163.0453928
33764,165.365789
33765,155.2189112
33766,157.3391518
33767,173.5488787
33768,200.6804789
33769,221.5010211
33770,207.2669026
33771,239.8050673
33772,273.251644
33773,337.794081
33774,313.9811509
33775,207.484769
33776,183.5645256
33777,122.1912455
33778,210.2189033
33779,191.0393388
33780,170.4923224
33781,162.2165263
33782,163.8304255
33783,171.4449551
33784,174.4272057
33785,177.9127154
33786,177.7834195
33787,179.1114274
33788,175.3697867
33789,179.7715482
33790,209.4032627
33791,252.5230869
33792,256.420588
33793,238.1872204
33794,217.7887461
33795,212.2669189
33796,191.9156395
33797,185.7578133
33798,161.3610189
33799,144.4993345
33800,81.84289402
33801,141.9210378
33802,150.5207887
33803,154.2111242
33804,157.5318838
33805,140.0410366
33806,139.2024068
33807,141.8404974
33808,138.2433819
33809,139.4215924
33810,148.6492059
33811,143.7836534
33812,139.8749819
33813,107.4147952
33814,152.7863689
33815,145.0040547
33816,148.3045189
33817,166.1094882
33818,209.2252977
33819,168.4269853
33820,143.1400205
33821,127.4707907
33822,63.64747772
33823,41.14105682
33824,28.80667669
33825,31.91478468
33826,29.49414743
33827,27.16462535
33828,22.3604044
33829,20.26939872
33830,16.0318495
33831,17.30022038
33832,16.27212645
33833,16.02182358
33834,16.74701447
33835,21.51284559
33836,16.91810069
33837,11.03443816
33838,9.290633957
33839,7.800283673
33840,9.057007973
33841,8.366373161
33842,10.19048556
33843,10.65287594
33844,9.955752961
33845,10.22597204
33846,12.81666164
33847,14.08142238
33848,15.2291035
33849,13.44149573
33850,18.27571285
33851,16.0606097
33852,13.40270906
33853,13.78035321
33854,12.0872786
33855,14.68921233
33856,18.15132555
33857,21.6302801
33858,31.40111749
33859,29.20079168
33860,34.67794053
33861,32.11923684
33862,59.88979522
33863,80.16841437
33864,104.5866881
33865,98.7181748
33866,51.30225584
33867,10.14417556
33868,6.488509792
33869,6.733283043
33870,7.368631326
33871,8.621137757
33872,12.56747578
33873,13.8322733
33874,21.25943835
33875,19.53835889
33876,12.09964226
33877,9.429512996
33878,10.22157289
33879,8.638326339
33880,12.69668651
33881,12.73980542
33882,11.47142146
33883,14.59555491
33884,10.67964785
33885,10.83929305
33886,27.13180179
33887,26.42737996
33888,20.12392836
33889,23.99437638
33890,30.6178919
33891,24.36516382
33892,35.11711171
33893,23.3240399
33894,25.23732909
33895,40.37951651
33896,34.92367229
33897,39.01002994
33898,23.96812024
33899,47.49935365
33900,61.60569832
33901,56.35642489
33902,61.5130901
33903,41.77170617
33904,18.00351206
33905,20.60775595
33906,24.40448281
33907,32.03007091
33908,61.6865188
33909,46.78865043
33910,52.8152307
33911,44.55111878
33912,17.48867655
33913,18.04059598
33914,24.60899651
33915,42.92600448
33916,43.16696312
33917,54.96827486
33918,54.60935024
33919,33.42705968
33920,48.62261644
33921,35.7957844
33922,38.30855688
33923,34.97919827
33924,35.5911813
33925,33.55047497
33926,20.42087049
33927,14.06024355
33928,29.35515169
33929,49.80388266
33930,65.11162924
33931,98.63081608
33932,125.3976866
33933,133.9294949
33934,86.31673152
33935,15.9466829
33936,13.73203284
33937,11.35944373
33938,13.31688651
33939,11.19397598
33940,9.676732121
33941,6.254660384
33942,8.587132673
33943,11.23277669
33944,8.803875649
33945,12.61225997
33946,15.79958006
33947,12.23617504
33948,11.16176688
33949,11.41949083
33950,11.97027896
33951,8.661306546
33952,10.75374584
33953,12.73652077
33954,9.778678099
33955,12.09212669
33956,12.66600018
33957,14.45920888
33958,16.54135882
33959,15.30525478
33960,20.46742139
33961,14.10943294
33962,10.3889621
33963,11.91273367
33964,12.52388435
33965,11.22312313
33966,12.920472
33967,10.60727945
33968,12.18188495
33969,12.30044315
33970,16.68199482
33971,22.61749908
33972,12.84264946
33973,9.489919461
33974,9.797139284
33975,14.67455584
33976,12.51175113
33977,19.77335809
33978,29.42526454
33979,41.03594956
33980,72.63090387
33981,93.51639376
33982,149.4009046
33983,81.2953339
33984,77.391445
33985,78.06402265
33986,67.2680488
33987,62.45976448
33988,58.22742385
33989,68.61708388
33990,68.97759292
33991,73.70203718
33992,78.19217258
33993,87.00672391
33994,79.60359085
33995,88.91022311
33996,82.52535183
33997,75.07079902
33998,49.54875583
33999,56.85532574
34000,55.48395902
34001,63.21604243
34002,56.01316583
34003,58.06579337
34004,81.05713928
34005,107.3287394
34006,104.1435543
34007,109.0366762
34008,156.3799034
34009,115.4117558
34010,99.21701802
34011,113.2033786
34012,115.4004642
34013,107.2409225
34014,116.2499866
34015,103.3021392
34016,82.90104081
34017,78.54570369
34018,90.51866832
34019,88.49108177
34020,91.74079359
34021,97.90169264
34022,102.4576854
34023,101.0902827
34024,67.10110948
34025,75.40686788
34026,133.1618391
34027,135.6281776
34028,104.2546596
34029,108.3894616
34030,128.1162129
34031,128.6579542
34032,134.851112
34033,132.0048224
34034,139.1803994
34035,151.4816329
34036,146.7035147
34037,141.366702
34038,134.3195019
34039,129.6453802
34040,127.3963565
34041,130.7130537
34042,125.4052825
34043,124.9990362
34044,140.0945316
34045,129.85732
34046,148.4831966
34047,143.1475855
34048,124.9385922
34049,119.9108239
34050,123.478061
34051,135.9909764
34052,180.8561959
34053,206.3632347
34054,181.469573
34055,144.6455261
34056,130.3279569
34057,106.2698109
34058,59.93815305
34059,31.63313302
34060,18.49586873
34061,25.90386994
34062,16.12703686
34063,14.82661573
34064,16.09541714
34065,16.87747162
34066,12.98591231
34067,14.65799891
34068,8.456875062
34069,9.517631917
34070,11.0184763
34071,8.754225509
34072,9.436558505
34073,15.32249423
34074,17.52837396
34075,29.0633697
34076,43.04592811
34077,78.63175107
34078,87.95650171
34079,96.58686135
34080,115.6916612
34081,148.3332213
34082,111.3791338
34083,168.1488257
34084,142.4887206
34085,108.335622
34086,100.3986661
34087,97.80975621
34088,40.03775783
34089,72.89845895
34090,45.74292766
34091,56.2826677
34092,22.87267309
34093,8.422279572
34094,11.42539212
34095,8.568365337
34096,11.39790939
34097,6.279743018
34098,6.328839263
34099,6.876359314
34100,7.136381317
34101,6.63599781
34102,7.052686167
34103,6.77919637
34104,5.89611062
34105,5.784262951
34106,7.868410664
34107,7.486451151
34108,7.018795644
34109,9.062331699
34110,9.106750515
34111,7.182349711
34112,10.6704115
34113,13.31092474
34114,9.879848952
34115,10.35539664
34116,8.900041021
34117,10.5970204
34118,11.68677928
34119,9.12203563
34120,9.801205551
34121,10.5562537
34122,19.5228972
34123,31.45607475
34124,56.39705069
34125,59.72384253
34126,84.44151569
34127,91.86022173
34128,95.16384649
34129,120.6485692
34130,120.3828303
34131,79.43581071
34132,66.30386333
34133,70.28534124
34134,63.26331447
34135,62.49306309
34136,28.7791805
34137,18.38529231
34138,4.5798274
34139,5.875932388
34140,5.211133857
34141,15.76480478
34142,15.78421802
34143,10.38924778
34144,6.968060509
34145,6.573976028
34146,8.049854796
34147,9.158722516
34148,8.532208241
34149,8.509705855
34150,9.608517165
34151,7.129008155
34152,8.016649354
34153,16.79566124
34154,13.83125545
34155,10.55570909
34156,9.733473656
34157,8.499614669
34158,8.775550374
34159,7.435317363
34160,7.860418625
34161,9.165221545
34162,10.12989903
34163,8.944928058
34164,6.445738744
34165,8.147243113
34166,10.69704107
34167,8.418874119
34168,12.85153276
34169,15.41543214
34170,14.58496126
34171,14.49631539
34172,25.22188104
34173,35.93310112
34174,23.81732716
34175,21.95191391
34176,29.61992807
34177,19.78724526
34178,11.63030433
34179,13.80864707
34180,13.69296636
34181,12.91663539
34182,9.423906103
34183,9.235421118
34184,8.030041347
34185,7.48096753
34186,9.199288286
34187,10.48098274
34188,10.20925613
34189,11.00344381
34190,11.78289412
34191,15.01091243
34192,19.86692793
34193,24.02428084
34194,25.56098983
34195,36.75288439
34196,41.49191639
34197,60.51576969
34198,95.4043772
34199,108.5897846
34200,153.8493377
34201,157.7891684
34202,151.3003028
34203,101.3084768
34204,72.53667602
34205,56.34523969
34206,43.87281413
34207,33.63663939
34208,33.75425662
34209,31.93177829
34210,25.77031495
34211,17.45326819
34212,21.02532383
34213,17.89714015
34214,17.92828306
34215,29.59542147
34216,28.65755089
34217,30.5520809
34218,57.49117924
34219,73.81859681
34220,111.1791672
34221,111.4905149
34222,165.4011361
34223,174.2374124
34224,196.4527098
34225,206.8748333
34226,190.7703103
34227,177.4536504
34228,140.0768389
34229,120.6679642
34230,106.011389
34231,98.29941903
34232,123.3935706
34233,104.9854537
34234,99.06101691
34235,84.69380518
34236,89.31453683
34237,110.750513
34238,128.7067022
34240,147.230457
34241,162.4052472
34242,176.8316748
34243,195.4540066
34244,187.3536088
34245,227.7945397
34246,239.5862489
34247,285.0989973
34248,353.5430644
34249,342.3327933
34250,331.5919089
34251,304.1585505
34252,303.1283029
34253,263.5246104
34254,251.5167642
34255,234.330598
34256,250.4962415
34257,233.476395
34258,236.5627671
34259,238.349756
34260,258.793956
34261,284.6642312
34262,260.1614854
34263,223.6213141
34264,80.19116604
34265,67.80987126
34266,10.7711383
34267,9.773178013
34268,13.05713657
34269,11.85210175
34270,9.628548193
34271,8.123852431
34272,8.463033675
34273,9.437868672
34274,8.097071062
34275,7.487309849
34276,9.60828261
34277,14.25921062
34278,10.85128375
34279,10.49613661
34280,16.20064597
34281,20.29526841
34282,24.14173671
34283,23.51023159
34284,28.00070388
34285,26.0454498
34286,33.59977395
34287,38.09485927
34288,31.24246614
34289,37.39444103
34290,45.45896341
34291,48.41616922
34292,55.15199195
34293,113.578037
34294,192.9730514
34295,348.0204325
34296,416.8918308
34297,460.2392053
34298,492.4067017
34299,481.9400214
34300,460.049185
34301,503.4732991
34302,450.9981633
34303,433.1769102
34304,315.1110412
34305,268.2034539
34306,279.3937562
34307,308.3051316
34308,258.0442177
34309,216.3174119
34310,213.2958125
34311,215.2825492
34312,209.0432941
34313,210.4453382
34314,209.5555505
34315,224.1106365
34316,177.5631648
34317,249.0086598
34318,252.5642651
34319,271.1610619
34320,204.7158065
34321,314.0840774
34322,199.9998499
34323,231.8437518
34324,160.7776645
34325,70.85143497
34326,12.43494569
34327,11.14521639
34328,7.867492956
34329,6.308348361
34330,7.567425317
34331,8.44110473
34332,6.367612751
34333,7.035751197
34334,9.158726084
34335,9.497419909
34336,8.939556815
34337,9.423541341
34338,7.466867369
34339,8.216543127
34340,7.559986782
34341,9.854520756
34342,10.29766331
34343,12.11912947
34344,9.428315766
34345,5.421527154
34346,6.595592709
34347,4.858067412
34348,3.41195529
34349,3.362233084
34350,4.746213888
34351,5.499448933
34352,4.540515136
34353,5.204191455
34354,2.961319417
34355,6.407287244
34356,8.078790446
34357,7.414343772
34358,6.804538637
34359,10.43871512
34360,9.242172373
34361,11.77223692
34362,11.2558097
34363,10.39269859
34364,27.26155004
34365,43.14323768
34366,60.62207263
34367,77.29695913
34368,63.18583817
34369,37.16673885
34370,100.7490386
34371,87.35003692
34372,88.5975506
34373,86.35356285
34374,85.45745048
34375,75.54436528
34376,79.31510237
34377,78.26108027
34378,74.70322682
34379,67.49226785
34380,69.98565079
34381,59.82383756
34382,60.48383807
34383,53.46012752
34384,48.5294882
34385,27.76218132
34386,26.18854684
34387,24.88339203
34388,53.65024362
34389,61.48954634
34390,77.70442793
34391,53.45256669
34392,38.88450968
34393,14.02681029
34394,12.36944419
34395,9.86805459
34396,10.73345523
34397,11.17557194
34398,9.563036983
34399,8.676544465
34400,7.979869856
34401,7.960008132
34402,7.72720451
34403,8.360643456
34404,7.681400804
34405,7.055172657
34406,7.796454514
34407,20.18468547
34408,10.01999447
34409,12.24449055
34410,14.27386707
34411,22.66147696
34412,27.41799003
34413,60.96459348
34414,85.30730548
34415,76.89998708
34416,219.8838941
34417,185.6386299
34418,122.4367063
34419,91.79280735
34420,67.58622264
34421,46.89072055
34422,33.47194023
34423,22.01134223
34424,25.32062019
34425,33.0960552
34426,32.30417311
34427,24.39429966
34428,22.11343741
34429,19.90493388
34430,24.91650643
34431,30.07871328
34432,38.76533237
34433,47.70610313
34434,49.18267317
34435,40.8177117
34436,71.64289344
34437,84.35775713
34438,96.93617421
34439,144.4063158
34440,200.768007
34441,171.0032552
34442,137.3600836
34443,111.5982201
34444,91.1584338
34445,71.66168249
34446,56.32919007
34447,51.62972026
34448,22.93320608
34449,58.23387927
34450,49.1871385
34451,50.13441294
34452,58.46711586
34453,63.6243253
34454,93.21925216
34455,83.27739071
34456,169.777325
34457,178.4139872
34458,207.9375981
34459,218.3349295
34460,221.8249741
34461,256.4265889
34462,240.5990555
34463,182.3697587
34464,314.9217071
34465,328.6589459
34466,302.8815721
34467,284.0158187
34468,284.5560659
34469,268.3628404
34470,248.7968247
34471,246.0330555
34472,249.7843737
34473,253.7476853
34474,244.8502624
34475,240.0650526
34476,237.2326096
34477,231.5035272
34478,245.9721955
34479,277.2207041
34480,274.2947384
34481,217.8231656
34482,265.6969105
34483,279.1513219
34484,289.8395537
34485,229.2478214
34486,211.7409783
34487,160.2738404
34488,43.80219746
34489,46.39831065
34490,30.10454107
34491,31.88375941
34492,71.17451044
34493,54.02826267
34494,21.72977599
34495,19.36225837
34496,16.57716548
34497,14.04406781
34498,7.262988831
34499,12.80008926
34500,7.244430519
34501,6.766118672
34502,8.740352559
34503,9.708761615
34504,10.53093517
34505,8.278117888
34506,6.214488412
34507,9.602188604
34508,11.56164709
34509,12.94366209
34510,9.726609285
34511,9.879176015
34512,11.15809366
34513,12.93302155
34514,12.11764225
34515,10.10837465
34516,10.85221144
34517,9.559460786
34518,9.549024816
34519,9.568136116
34520,8.569875497
34521,8.498449242
34522,8.480482868
34523,16.38924012
34524,8.978357981
34525,9.708292412
34526,11.09586693
34527,13.73579136
34528,13.02659781
34529,15.22062957
34530,17.2368702
34531,22.52495107
34532,31.31624644
34533,37.93982892
34534,37.83826594
34535,45.95131077
34536,51.08724207
34537,77.42925838
34538,88.31650455
34539,81.02562132
34540,111.9621702
34541,119.2829885
34542,120.3325187
34543,104.4917405
34544,108.1441237
34545,97.78501772
34546,109.8848068
34547,93.20993331
34548,105.2138028
34549,107.93392
34550,117.6802739
34551,121.0163143
34552,129.9010251
34553,118.659139
34554,110.3765537
34555,108.0935689
34556,111.3809506
34557,110.9214748
34558,110.5950008
34559,130.7878242
34560,146.2874522
34561,132.6407648
34562,125.3831054
34563,134.9430038
34564,113.4075028
34565,106.6878965
34566,84.11511684
34567,61.97884663
34568,36.37911106
34569,19.99682479
34570,10.84508515
34571,9.234355317
34572,9.898024683
34573,9.27478817
34574,9.846578685
34575,9.035386917
34576,16.34376628
34577,11.63583542
34578,7.915501658
34579,8.160099896
34580,8.135055714
34581,8.095431234
34582,7.814391926
34583,8.117277027
34584,8.333011284
34585,7.575987801
34586,7.885659233
34587,7.380660072
34589,7.415992471
34590,7.002620194
34591,6.896847261
34592,5.760581551
34593,6.611716874
34594,5.096878928
34595,5.763768766
34596,7.114248237
34597,7.074742454
34598,6.712864654
34599,10.03242563
34600,10.19274685
34601,13.6081301
34602,10.23083695
34603,9.840996727
34604,9.603088012
34605,10.04455687
34606,10.16884106
34607,9.397260297
34608,9.793516093
34609,9.226692965
34610,8.856274703
34611,7.624910741
34612,6.425691038
34613,6.626806509
34614,5.209137357
34615,5.220877974
34616,5.249537647
34617,8.502174993
34618,5.870176785
34619,6.162410157
34620,7.255728259
34621,6.939409615
34622,7.786408395
34623,8.197178365
34624,10.01058517
34625,10.46129529
34626,10.40711263
34627,8.709843264
34628,12.46511594
34629,9.540156457
34630,9.19668689
34631,8.574512295
34632,8.019469155
34633,9.753123142
34634,7.495294579
34635,7.87216298
34636,8.275410189
34637,10.6671299
34638,14.12812312
34639,19.07010129
34640,16.30471475
34641,13.03659149
34642,13.38057174
34643,14.32555304
34644,10.59877582
34645,8.475676213
34646,10.28999542
34647,9.647290942
34648,10.01818986
34649,12.24328412
34650,12.54956494
34651,21.99964826
34652,72.26769354
34653,76.51779814
34654,125.7392812
34655,182.4758826
34656,136.6764141
34657,161.0852633
34658,126.0981331
34659,87.18971457
34660,60.33024882
34661,59.79706291
34662,40.92038423
34663,27.88369341
34664,21.2830066
34665,29.93942265
34666,23.49474863
34667,26.78574666
34668,31.64089518
34669,27.42155978
34670,28.57009324
34671,98.95965828
34672,120.350982
34673,112.9923018
34674,151.1743392
34675,161.5305951
34676,186.2175039
34677,194.0364103
34678,200.542453
34679,235.9156589
34680,266.8348684
34681,191.9849902
34682,148.2954725
34683,94.1393716
34684,111.1708852
34685,103.3487463
34686,105.1761726
34687,99.14335726
34688,75.19951648
34689,80.6804103
34690,68.48874526
34691,25.52603242
34692,27.29582317
34693,17.43039342
34694,15.75208138
34695,15.5507384
34696,14.44330183
34697,15.83129431
34698,16.99331215
34699,17.82475918
34700,100.5779327
34701,140.2025799
34702,177.5748276
34703,202.0737324
34704,189.4355779
34705,172.7147651
34706,143.3973705
34707,132.3461781
34708,122.9599307
34709,134.514359
34710,142.7220404
34711,144.0816032
34712,147.6332711
34713,169.7736904
34714,184.1509435
34715,208.1946312
34716,228.9896266
34717,232.6216353
34718,224.6784016
34719,236.5408115
34720,219.8815117
34721,244.8131917
34722,258.1915602
34723,252.5580288
34724,253.3183404
34725,260.6117095
34726,283.6233491
34727,267.4291673
34728,273.5904552
34729,201.432445
34730,302.4049591
34731,302.6418505
34732,278.7209424
34733,256.6627466
34734,227.8835221
34735,221.294074
34736,210.6338623
34737,214.7796477
34738,231.3368221
34739,225.4397833
34740,224.2601495
34741,224.7485767
34742,229.7297109
34743,202.2192751
34744,198.0675156
34745,211.7380046
34746,213.3629403
34747,212.5090682
34748,208.2331254
34749,220.4014755
34750,243.021171
34751,258.6361089
34752,244.295083
34753,271.8413524
34754,286.5528203
34755,269.8728638
34756,240.7949057
34757,241.838085
34758,232.7343208
34759,227.4350936
34760,225.2266399
34761,197.021638
34762,103.9606129
34763,25.65481557
34764,39.4687017
34765,28.56678691
34766,13.25201071
34767,11.72978901
34768,9.136339864
34769,17.67812413
34770,12.43391366
34771,9.289794014
34772,10.40755754
34773,10.53512208
34774,14.5722885
34775,10.50461449
34776,9.848986313
34777,9.090521273
34778,10.71196305
34779,9.86263256
34780,9.174929454
34781,8.004176398
34782,6.89126848
34783,8.510857446
34784,8.516201902
34785,12.20182025
34786,7.794680274
34787,8.327284051
34788,7.259085035
34789,9.220883009
34790,8.39642532
34791,9.102565106
34792,10.75911052
34793,12.30375181
34794,17.14344688
34795,26.61505495
34796,53.62905362
34797,77.87860921
34798,89.54313204
34799,125.6502213
34800,146.0258841
34801,131.6251547
34802,102.3548819
34803,89.66593205
34804,56.82566796
34805,49.20644795
34806,45.50474058
34807,42.32969976
34808,39.13417379
34809,35.9681334
34810,44.24437864
34811,70.06777607
34812,88.16852646
34813,88.78933885
34814,69.33325489
34815,49.36845673
34816,66.48153774
34817,71.96895693
34818,76.79796215
34819,81.5801138
34820,91.4750535
34821,94.50333905
34822,89.46493004
34823,109.682675
34824,124.1486251
34825,110.8189254
34826,100.1571856
34827,99.47704637
34828,128.3002376
34829,131.8803723
34830,128.9646101
34831,127.5098813
34832,146.7852088
34833,135.6085012
34834,144.4930767
34835,112.7012122
34836,103.2462431
34837,109.4544263
34838,95.79174047
34839,84.9758107
34840,42.1343228
34841,13.77808934
34842,10.19814935
34843,12.01726862
34844,16.48963899
34845,16.59969466
34846,9.921228188
34847,8.742149807
34848,8.564280846
34849,8.900852795
34850,4.398011207
34851,7.297557745
34852,4.489936466
34853,3.838279992
34854,7.07448127
34855,5.941674013
34856,4.431928257
34857,5.759690267
34858,5.517299606
34859,3.3597436
34860,3.762295516
34861,3.76047086
34862,4.544512824
34863,2.567655584
34866,6.971585722
34868,19.17081319
34869,32.41902479
34870,85.46951705
34871,114.2251089
34872,113.9528491
34875,97.44278841
34876,76.35270021
34879,67.2330866
34882,109.669608
34883,116.0384044
34885,134.4292574
34887,72.52435578
34888,71.53345797
34889,48.56059094
34890,69.7194278
34891,44.71129128
34892,45.48233878
34893,67.06964712
34894,70.35699816
34895,85.29672114
34896,89.95418565
34897,83.98887878
34898,75.07788654
34899,72.1878242
34900,67.95587028
34901,73.43339736
34902,73.89688289
34903,81.4639636
34904,82.67753117
34905,92.621421
34906,94.83690533
34907,92.47203336
34908,104.0550344
34909,128.7096981
34910,146.0706387
34911,165.3540025
34912,167.6693547
34913,149.6374047
34914,38.66007219
34915,6.487015769
34916,7.268731297
34917,6.918505877
34918,8.317273498
34919,8.618755058
34920,7.480253571
34921,5.822097239
34922,5.944595286
34923,5.917864565
34924,7.598292576
34925,9.449111424
34926,9.056007972
34927,16.29271294
34928,18.7315309
34929,17.92142952
34930,11.7791348
34931,12.27558754
34932,14.55838049
34933,9.38200644
34934,8.730117305
34935,9.21321734
34936,8.104738752
34939,19.91989518
34940,19.41464606
34941,31.68597313
34942,36.83097142
34943,47.68432972
34944,59.95371649
34945,66.30095829
34946,64.05098139
34947,74.94245646
34948,61.71986301
34949,40.14725713
34950,40.31021737
34951,37.85734965
34952,30.26439259
34953,22.32196502
34954,15.03449047
34955,8.511003205
34956,9.448103239
34957,11.39860142
34958,11.63810711
34959,10.20880727
34960,11.63710101
34961,12.84889734
34962,12.26410552
34963,15.42224574
34964,28.09200158
34965,12.57255064
34966,8.475594349
34967,8.882861554
34968,9.307704828
34969,13.26206107
34970,20.85042919
34971,22.37043377
34972,22.30315915
34973,18.38910115
34974,14.84928967
34975,17.78375421
34976,17.11151129
34977,19.63251987
34978,19.13638414
34979,22.96218428
34980,16.2765773
34981,10.48243929
34982,11.70689693
34983,12.39490566
34984,12.11392189
34985,15.28473475
34986,18.0334793
34987,13.46012915
34988,20.32281864
34989,36.04110009
34990,33.04276644
34991,31.96236401
34992,22.09670104
34993,15.95319672
34994,14.20556432
34995,15.21689602
34996,17.45405634
34997,20.77101471
34998,35.20535975
34999,33.06323316
35000,24.80549785
35001,27.48663201
35002,30.12403235
35003,18.95540128
35004,15.14468671
35005,10.91311299
35006,13.25893459
35007,17.22772263
35008,18.9552037
35009,18.63396247
35010,25.33143829
35011,30.87369334
35012,35.38634869
35013,43.61375733
35014,104.3289286
35015,100.8291043
35016,99.95046162
35017,100.2048731
35018,93.116755
35019,87.46539453
35020,68.66341962
35021,52.74106585
35022,45.41065612
35023,42.85893351
35024,39.64178321
35025,40.09873808
35026,49.5496431
35027,65.26736527
35028,91.06268098
35029,86.41156755
35030,73.28267069
35031,101.5075604
35032,95.08976074
35033,79.9708324
35034,50.77750324
35035,42.69885278
35036,45.8455402
35037,61.48200217
35038,66.10648946
35039,83.17910208
35040,78.24647825
35041,49.0260294
35042,32.62113855
35043,21.17946684
35044,23.69138365
35045,15.9441459
35046,10.7778518
35047,9.479228918
35048,14.52175612
35049,15.14314484
35050,16.34649039
35051,15.72456841
35052,18.05552122
35053,7.923143618
35054,6.541169477
35055,6.940516786
35056,6.935780647
35057,6.613344816
35058,8.505670126
35059,19.95367246
35060,31.45895103
35061,37.9569639
35062,18.79269069
35063,13.27962248
35064,14.84719531
33649,295.5713865
33650,417.2202091
33651,357.4447764
33652,362.3431034
33653,360.6951672
33654,350.4513884
33655,359.3817885
33656,350.2166756
33657,353.9011194
33658,360.1684834
33659,399.0197621
33660,428.357256
33661,471.306051
33662,530.5141764
33663,522.2725358
33664,510.1592759
33665,491.1585376
33666,463.6469725
33667,449.4856868
33668,439.3484901
33669,382.6687572
33670,373.4709967
33671,344.93467
33672,362.1156879
33673,372.4141554
33674,367.458493
33675,381.1514587
33676,349.0883775
33677,328.761022
33678,187.224908
33679,77.56829263
33680,45.15112561
33681,38.70510999
33682,19.83452608
33683,160.9248116
33684,322.3457742
33685,267.0834239
33686,254.6286382
33687,236.6837844
33688,214.8763471
33689,188.9194935
33690,180.9961304
33691,127.6036547
33692,120.1324099
33693,120.4393193
33694,142.3783148
33695,142.5232755
33696,158.5787623
33697,209.8749184
33698,290.4239235
33699,346.9217102
33700,363.1692948
33701,368.7266066
33702,370.8631812
33703,369.5786533
33704,326.0119734
33705,298.0878209
33706,292.0802786
33707,301.2295737
33708,303.1867244
33709,274.7067758
33710,261.8603321
33711,224.5571344
33712,288.1605849
33713,322.4510424
33714,317.2922424
33715,363.6897856
33716,435.702217
33717,465.4698475
33718,518.6539065
33719,503.086587
33720,540.1141311
33721,537.2113948
33722,507.2166941
33723,508.6937968
33724,304.4469198
33725,305.9696592
33726,266.5749591
33727,290.1334832
33728,299.3061777
33729,291.9684221
33730,289.5140716
33731,277.7523626
33732,217.3858432
33733,208.6554474
33734,336.6069596
33735,330.3238699
33736,307.5709206
33737,341.8782336
33738,316.8523942
33739,311.7105545
33740,347.9164923
33741,342.1512597
33742,344.6297752
33743,362.844643
33744,305.9287623
33745,232.1401297
33746,155.6115172
33747,156.2442358
33748,161.0711032
33749,182.4925626
33750,237.1544427
33751,383.0327249
33752,397.3198969
33753,380.3974406
33754,363.8209204
33755,310.5166948
33756,272.2965368
33757,242.0273241
33758,79.2736171
33759,161.2555522
33760,154.9224135
33761,179.7181351
33762,188.0763327
33763,174.5705625
33764,179.9095971
33765,183.4354888
33766,181.2281749
33767,184.2203961
33768,182.3658331
33769,203.9597118
33770,214.0418092
33771,193.781332
33772,168.7424546
33773,179.1878218
33774,92.94836042
33775,180.7397992
33776,180.7309397
33777,198.3822104
33778,116.7742335
33779,212.454117
33780,236.5755666
33781,211.0693734
33782,232.2639131
33783,246.1856834
33784,233.0811227
33785,188.0611459
33786,177.7060662
33787,191.1503711
33788,106.8161295
33789,205.0227
33790,194.8433262
33791,178.9331671
33792,95.49304411
33793,188.5890854
33794,194.7480059
33795,207.7002866
33796,210.408541
33797,126.4662147
33798,236.7273675
33799,250.6642794
33800,240.8478695
33801,196.3052989
33802,105.0122159
33803,170.7491302
33804,144.0790909
33805,161.8705075
33806,123.8368336
33807,176.0839353
33808,139.2784208
33809,124.7296616
33810,134.4655916
33811,134.185263
33812,131.0933042
33813,138.3715579
33814,160.8391946
33815,98.57772421
33816,180.797564
33817,90.61644713
33818,148.3092183
33819,108.0978083
33820,24.99002849
33821,19.14354665
33822,12.5054327
33823,12.41696403
33824,12.18240899
33825,11.92039782
33826,15.24830683
33827,16.92954713
33828,19.97994497
33829,21.00868828
33830,20.84858223
33831,20.20641052
33832,44.37613432
33833,105.3362399
33834,114.3179811
33835,109.8726359
33836,95.07886583
33837,22.81789966
33838,18.35431692
33839,12.13997794
33840,10.35325438
33841,13.27911366
33842,11.21270427
33843,12.16300165
33844,11.58407349
33845,10.52491959
33846,7.742467028
33847,7.319360987
33848,9.82782947
33849,11.64001844
33850,12.13009413
33851,10.65992582
33852,12.47406501
33853,14.20828658
33854,17.26123722
33855,21.39652889
33856,30.68935463
33857,37.08603673
33858,42.04369252
33859,52.00591537
33860,65.18114218
33861,99.26217548
33862,121.864534
33863,96.21365879
33864,162.8216573
33865,131.0658907
33866,29.82020516
33867,25.29534892
33868,12.14066569
33869,9.70865193
33870,11.41038264
33871,10.68649711
33872,10.42795441
33873,10.83684367
33874,15.09405054
33875,14.10799479
33876,15.43813885
33877,8.92651081
33878,18.03114494
33879,10.46754106
33880,15.55069568
33881,12.61333897
33882,23.37986645
33883,39.48915027
33884,63.9582152
33885,70.67056562
33886,74.88661279
33887,82.56397638
33888,78.7628991
33889,76.02246858
33890,71.51759216
33891,79.66264137
33892,81.72174617
33893,85.90696303
33894,89.95644351
33895,111.1791717
33896,116.5885143
33897,116.9256207
33898,143.1750199
33899,99.00574335
33900,99.52221472
33901,107.1198351
33902,115.2644285
33903,94.66465452
33904,101.2914606
33905,126.2386855
33906,135.1624469
33907,120.45375
33908,100.6673595
33909,105.1108849
33910,82.02651475
33911,47.89606274
33912,30.68897886
33913,24.29262447
33914,23.62403198
33915,20.31574379
33916,23.36142657
33917,21.74647364
33918,21.08490436
33919,15.61708453
33920,20.76635026
33921,28.80286645
33922,29.25848234
33923,36.87561177
33924,35.874608
33925,43.69659328
33926,66.80622543
33927,66.2872447
33928,84.51309993
33929,109.7666015
33930,115.2853631
33931,113.0616785
33932,123.3115417
33933,141.9151353
33934,85.18724783
33935,22.29659066
33936,15.50247611
33937,7.839213135
33938,10.95547272
33939,11.35155441
33940,9.503174961
33941,8.100805322
33942,8.275468821
33943,7.740772106
33944,10.68236144
33945,12.75370224
33946,18.77453296
33947,21.25049455
33948,18.44334678
33949,15.60524115
33950,15.19906216
33951,12.33599713
33952,12.00621273
33953,18.24561339
33954,12.87582792
33955,10.34892858
33956,18.14502587
33957,22.4051065
33958,21.3801171
33959,21.16698603
33960,16.23539992
33961,15.59300136
33962,15.59345887
33963,17.01130884
33964,17.38110876
33965,14.40902333
33966,11.32765668
33967,10.02750728
33968,12.46666359
33969,17.84415943
33970,21.53573386
33971,21.6227511
33972,22.29901377
33973,14.81840852
33974,10.51049193
33975,16.70035554
33976,17.82850436
33977,24.4544796
33978,20.89188512
33979,34.60012099
33980,55.99183727
33981,72.76116436
33982,91.91562109
33983,76.25693167
33984,71.35716884
33985,57.00717616
33986,42.40491858
33987,47.03623446
33988,40.56084306
33989,53.90214878
33990,48.74066098
33991,48.25555714
33992,39.74494335
33993,45.33872157
33994,48.14590855
33995,47.42379377
33996,50.70140826
33997,44.35554108
33998,40.34381051
33999,46.79389605
34000,50.51678718
34001,60.52081963
34002,64.74930796
34003,55.46208659
34004,57.09164094
34005,69.42660868
34006,86.45334592
34007,92.81334946
34008,106.4165865
34009,103.8599868
34010,98.66452688
34011,91.93547488
34012,91.60479807
34013,83.55824331
34014,93.1424143
34015,94.17832725
34016,88.13959466
34017,89.68420004
34018,65.4796781
34019,66.52905606
34020,61.58835637
34021,64.61349134
34022,71.25285154
34023,96.9530777
34024,73.43139188
34025,38.43614244
34026,48.44538926
34028,51.97595293
34029,79.59831293
34030,87.32973076
34031,101.7575581
34032,99.9381435
34033,98.39744104
34034,107.9948778
34035,100.8668745
34036,102.4195842
34037,118.6393317
34038,117.5682198
34039,102.7778978
34040,89.08233671
34041,92.471097
34042,102.1511508
34043,112.4208804
34044,130.6413635
34045,138.1239113
34046,149.3154989
34047,156.011471
34048,135.2840752
34049,135.138618
34050,150.4052332
34051,142.5637481
34052,148.7668316
34053,140.7494249
34054,147.898684
34055,138.2415838
34056,146.0922672
34057,141.0605663
34058,72.52757956
34059,37.77185263
34060,41.72245006
34061,37.9831311
34062,26.50937509
34063,21.47120806
34064,23.08891651
34065,23.93958753
34066,21.89476424
34067,22.28615685
34068,20.44933661
34069,20.00576363
34070,22.07199044
34071,22.33917748
34072,36.26583369
34073,45.47240641
34074,46.84009464
34075,31.77485161
34076,23.72291605
34077,16.37845577
34078,32.18254699
34079,36.28937695
34080,39.41937964
34081,54.55889802
34082,88.82885956
34083,99.59954173
34084,103.4855859
34085,112.0923228
34086,114.1455785
34087,103.9342769
34088,105.3975606
34089,103.2642827
34090,118.7358334
34091,83.15325082
34092,63.30355171
34093,64.91498322
34094,34.9987364
34095,16.22955917
34096,18.24834874
34097,16.75905961
34098,10.99047711
34099,12.9076196
34100,9.788055505
34101,10.66200587
34102,10.94972924
34103,8.897212448
34104,8.245781739
34105,8.254272521
34106,8.776596116
34107,5.561591788
34108,8.368055131
34109,7.505939117
34110,7.02499852
34111,8.4402501
34112,9.779525525
34113,13.38080215
34114,17.91278584
34115,24.22633304
34116,20.56662615
34117,20.18060936
34118,21.07895238
34119,20.50055878
34120,25.47674658
34121,22.3658569
34122,20.32205177
34123,20.1339105
34124,19.18046819
34125,49.71624824
34126,52.71295817
34127,53.29017052
34128,27.12611245
34129,67.56401154
34130,71.18167603
34131,34.472413
34132,88.53845005
34133,94.47789854
34134,85.48190646
34135,51.90025802
34136,12.17827356
34137,13.07569138
34138,9.809437668
34139,10.10309196
34140,10.66308301
34141,11.2699694
34142,13.96795183
34143,11.90614686
34144,9.195875206
34145,9.957884326
34146,8.332344851
34147,8.865581772
34148,10.61667296
34149,10.13691367
34150,8.381766255
34151,9.073051202
34152,8.124444798
34153,5.898917076
34154,6.824463747
34155,11.36614706
34156,11.46106485
34157,8.658113646
34158,9.414297972
34159,11.21280099
34160,12.20018821
34161,15.51823823
34162,16.60357365
34163,17.48916003
34164,19.324365
34165,19.40122762
34166,21.03796565
34167,24.98625841
34168,33.25221371
34169,40.7151058
34170,37.77970337
34171,60.71780113
34172,77.28474868
34173,57.46075218
34174,38.97737503
34175,29.38295652
34176,25.13582097
34177,19.70006173
34178,15.62642005
34179,12.57053771
34180,13.60468151
34181,13.27438903
34182,12.28925316
34183,13.25827363
34184,13.24327999
34185,12.95046811
34186,15.22029257
34187,14.66317269
34188,11.39018619
34189,11.60120831
34190,19.58365606
34191,23.26283596
34192,28.42747572
34193,37.36613713
34194,19.5255197
34195,46.01387718
34196,54.69980995
34197,51.76827641
34198,48.2325964
34199,29.53248467
34200,88.8346232
34201,93.0165131
34202,96.06301941
34203,93.26285425
34204,101.7520237
34205,110.9553959
34206,107.2051726
34207,96.88748657
34208,110.9894778
34209,89.58028383
34210,54.8257724
34211,45.77604644
34212,47.31465464
34213,57.4822812
34214,57.16391672
34215,58.71466993
34216,92.40537099
34217,107.1277515
34218,110.0866854
34219,107.4786035
34220,96.52355529
34221,105.0825955
34222,106.8319801
34223,109.6455367
34224,107.3684738
34225,108.276158
34226,126.5172944
34227,157.1475819
34228,176.7203744
34229,189.1803961
34230,185.364277
34231,102.4413699
34232,209.0932911
34233,209.392255
34234,186.5602641
34235,150.3850317
34236,125.87265
34237,125.5425507
34238,131.1215148
34240,159.0840312
34241,182.7963856
34242,188.1414518
34243,153.6662638
34244,155.0821284
34245,176.3210337
34246,190.3974041
34247,206.5533471
34248,233.5088039
34249,240.8719417
34250,299.1203033
34251,343.0612726
34252,378.0548299
34253,337.8288693
34254,332.6728555
34255,316.6708367
34256,318.4874336
34257,278.8317338
34258,275.089334
34259,288.8359588
34260,299.6346907
34261,287.6839371
34262,232.2046289
34263,156.4545518
34264,64.40447672
34265,21.58748035
34266,19.6936676
34267,12.49085827
34268,11.63383247
34269,9.119760796
34270,9.100094266
34271,8.627783597
34272,11.15089617
34273,10.25114356
34274,10.02149592
34275,8.142557027
34276,10.20835788
34277,10.57805499
34278,9.671708119
34279,8.146075179
34280,10.36446749
34281,12.28571463
34282,18.57404735
34283,22.43569301
34284,30.56882321
34285,38.99420099
34286,38.34966806
34287,32.32717157
34288,36.73842187
34289,41.24461206
34290,41.60136738
34291,55.96968629
34292,70.56547894
34293,70.12073698
34294,118.7205635
34295,134.2404157
34296,246.0359878
34297,269.1341776
34298,403.0405728
34299,156.5600159
34300,109.4482161
34301,343.0203997
34302,483.1059891
34303,413.501302
34304,383.7734253
34305,384.9907252
34306,337.4770221
34307,311.2519747
34308,286.5541178
34309,293.705933
34310,289.1529483
34311,271.498485
34312,261.9517015
34313,273.6610418
34314,272.4337975
34315,246.8221885
34316,240.6975832
34317,233.7424825
34318,237.8944812
34319,258.7189055
34320,275.5386197
34321,271.3966866
34322,165.5591628
34323,218.0690187
34324,41.59719486
34325,17.03101747
34326,10.42924908
34327,13.44595056
34328,12.58004842
34329,15.41984788
34330,18.42566193
34331,17.12676941
34332,16.95605883
34333,17.80289692
34334,14.2592262
34335,9.972526413
34336,14.43453305
34337,11.67422423
34338,14.58212426
34339,12.40323002
34340,9.222603549
34341,9.352239016
34342,7.653606663
34343,8.195670172
34344,7.820071422
34345,4.219660464
34346,5.662843814
34347,5.830662744
34348,4.571116949
34349,4.09066525
34350,3.46227745
34351,4.683411671
34352,7.802989205
34353,6.702954277
34354,7.917446406
34355,10.41227944
34356,6.862265252
34357,8.572267607
34358,8.399139941
34359,9.80862606
34360,11.58507454
34361,7.953039497
34362,45.91929777
34363,40.96988554
34364,54.48704893
34365,52.19164724
34366,30.12036961
34367,26.85932534
34368,54.94644582
34369,68.06491183
34370,80.29410047
34371,70.39998048
34372,66.35630841
34373,65.73386963
34374,62.36165922
34375,66.68447605
34376,66.39162626
34377,78.56045903
34378,81.89754021
34379,90.57552635
34380,87.21581034
34381,42.16893909
34382,32.76531972
34383,40.24135304
34384,40.91134559
34385,62.21477229
34386,58.35169061
34387,62.16497169
34388,65.01836095
34389,84.46427877
34390,72.55004885
34391,12.56103919
34392,9.295435119
34393,8.068222158
34394,8.866582926
34395,11.94243324
34396,10.65870884
34397,10.65227054
34398,12.11132938
34399,10.78553332
34400,9.453672896
34401,8.955270323
34402,8.244614057
34403,10.78805409
34404,8.403529475
34405,11.45678833
34406,13.93259244
34407,17.91896549
34408,17.14899083
34409,21.02484176
34410,32.64798541
34411,43.47945189
34412,53.31950588
34413,77.81779489
34414,114.0939405
34415,127.9375877
34416,128.0562209
34417,139.4344847
34418,135.023886
34419,153.6919799
34420,136.1539097
34421,43.60308266
34422,77.9920213
34423,115.6116105
34424,59.75669291
34425,36.85324269
34426,35.40556491
34427,54.58373083
34428,56.55459648
34429,58.86095367
34430,55.29871559
34431,64.71438219
34432,74.44414078
34433,83.97370821
34434,89.28566049
34435,97.98341471
34436,113.0208991
34437,118.7671807
34438,81.23664
34439,135.4543526
34440,150.7155356
34441,164.9335314
34442,91.40516266
34443,188.6597386
34444,90.92523867
34445,191.8209754
34446,168.2290972
34447,127.3112223
34448,132.2653099
34449,85.01061676
34450,71.24871785
34451,71.86329026
34452,61.90640148
34453,85.22749325
34454,102.5009689
34455,97.87820452
34456,178.8218561
34457,211.2705278
34458,221.1403893
34459,189.667845
34460,202.8033522
34461,112.9394649
34462,244.943297
34463,241.0255681
34464,244.9492306
34465,253.0613314
34466,253.5388285
34467,243.4807734
34468,246.4734998
34469,146.4107621
34470,253.3311044
34471,228.6568745
34472,302.9783982
34473,280.4760559
34474,285.8604257
34475,305.423287
34476,283.7540201
34477,297.3742282
34478,297.7541109
34479,312.6541431
34480,327.3055975
34481,266.6288537
34482,317.9942912
34483,277.0417407
34484,281.724766
34485,267.9603631
34486,51.67679541
34487,15.11442926
34488,9.010073767
34489,10.63186487
34490,10.86087114
34491,10.98130482
34492,13.97778943
34493,18.53444398
34494,16.27401959
34495,13.9329985
34496,16.04905057
34497,12.84176549
34498,12.17828707
34499,10.96830946
34500,9.400561864
34501,11.23540571
34502,9.509746432
34503,7.414256861
34504,10.90699727
34505,12.74105433
34506,15.58156033
34507,15.80473791
34508,12.30730164
34509,11.03261388
34510,10.66352099
34511,11.36682497
34512,9.295983444
34513,12.06697208
34514,11.73122448
34515,10.46115367
34516,10.84720466
34517,8.808849547
34518,9.186576401
34519,9.016459381
34520,10.75295327
34521,11.93701195
34522,11.26554584
34523,11.06220069
34524,9.651603537
34525,11.20607253
34526,13.94834998
34527,15.0314482
34528,27.31856894
34529,18.39940905
34530,18.31369646
34531,18.60522328
34532,20.96672883
34533,24.79883809
34534,31.74192029
34535,37.72178329
34536,41.89396533
34537,58.68430752
34538,59.30684042
34539,62.17814783
34540,64.02776745
34541,68.92657097
34542,64.89107209
34543,50.46926787
34544,65.86917818
34545,62.40414008
34546,83.65701621
34547,91.01005856
34548,47.21298195
34549,48.84467798
34550,46.50246044
34551,45.15511982
34552,51.72125718
34553,51.16971659
34554,50.94207935
34555,113.5978876
34556,121.3308455
34557,106.7345205
34558,113.6360404
34559,120.8375497
34560,111.9467979
34561,104.4118896
34562,62.69259172
34563,68.83163545
34564,112.325511
34565,111.2833377
34566,90.1035773
34567,56.83459865
34568,29.4354712
34569,19.40248658
34570,13.37471167
34571,14.3257391
34572,14.7982452
34573,13.59849772
34574,18.76243231
34575,20.70210864
34576,26.167318
34577,20.10745093
34578,19.70492011
34579,15.96098921
34580,13.65505347
34581,13.37128272
34582,10.97588052
34583,11.78065808
34584,12.72973931
34585,11.31982117
34586,9.848733656
34587,7.82210738
34589,8.305933053
34590,7.333910423
34591,9.357376437
34592,7.725108201
34593,10.72891607
34594,8.819511015
34595,13.20069235
34596,11.72595718
34597,12.38800838
34598,11.93874909
34599,13.93795745
34600,15.4315535
34601,11.79912931
34602,11.91536359
34603,13.0298711
34604,14.71458599
34605,13.44714756
34606,11.54537774
34607,10.8117785
34608,11.08035493
34609,10.45396396
34610,11.12797954
34611,10.58732586
34612,9.044512475
34613,9.00375258
34614,7.827083157
34615,8.443652658
34616,10.60056266
34617,10.97581374
34618,13.89650283
34619,8.817865794
34620,10.11944824
34621,10.04078237
34622,12.01474499
34623,10.92487068
34624,12.94712424
34625,13.97396332
34626,13.19286544
34627,13.28740838
34628,13.44638128
34629,15.07683488
34630,14.14961382
34631,10.44726716
34632,12.72963159
34633,10.79003195
34634,8.147366878
34635,14.90458554
34636,12.61150056
34637,11.10424683
34638,15.17999349
34639,13.10420284
34640,20.1443638
34641,15.20619944
34642,32.05285107
34643,20.25675873
34644,27.32345411
34645,19.39658997
34646,14.00052784
34647,13.22511887
34648,15.12139443
34649,33.35108359
34650,52.51750683
34651,47.2405939
34652,51.13473149
34653,39.84021994
34654,110.3925282
34655,177.1125791
34656,266.4549488
34657,200.1492424
34658,131.7844583
34659,228.9212929
34660,243.4033317
34661,198.8730449
34662,124.1099451
34663,98.43223103
34664,111.7141502
34665,99.63051843
34666,175.2357792
34667,156.9429294
34668,202.8376613
34669,195.7813943
34670,183.9510134
34671,178.6163635
34672,146.8062027
34673,124.2410024
34674,134.1042041
34675,152.771514
34676,143.2046731
34677,117.4498651
34678,123.3549085
34679,125.1826593
34680,99.32863857
34681,172.7820577
34682,169.914404
34683,186.0271369
34684,193.4753181
34685,203.2736136
34686,182.741004
34687,134.2805685
34688,118.0376922
34689,106.973474
34690,69.41248793
34691,53.88811189
34692,39.1299541
34693,25.58366988
34694,18.58501556
34695,15.39487564
34696,16.58213468
34697,21.38895888
34698,23.63973713
34699,25.78889767
34700,35.75248294
34701,98.83737031
34702,102.6077599
34703,175.9875303
34704,150.2466579
34705,118.7529842
34706,98.1353597
34707,120.9019096
34708,135.6037774
34709,149.7064422
34710,142.2456148
34711,122.1973782
34712,132.0451914
34713,129.4458142
34714,147.228609
34715,204.8770953
34716,219.1360551
34717,229.4218818
34718,244.8544288
34719,246.486459
34720,237.02661
34721,229.4148721
34722,200.6126794
34723,183.9501454
34724,169.5305826
34725,170.0597145
34726,193.6748298
34727,199.5012837
34728,190.3215199
34729,227.837127
34730,236.0829874
34731,242.3646065
34732,227.0923871
34733,222.8877052
34734,226.5447182
34735,220.8692085
34736,209.0167393
34737,204.4947487
34738,205.330605
34739,232.7129308
34740,233.3856755
34741,238.2582901
34742,234.1858316
34743,241.181739
34744,91.34962733
34745,134.0407811
34746,184.7949334
34747,218.4711625
34748,227.1348489
34749,220.2259951
34750,224.4200842
34751,243.4047701
34752,230.6739211
34753,267.2907093
34754,262.8521726
34755,272.4720687
34756,263.0509538
34758,261.4113119
34759,245.35284
34760,168.1817306
34761,210.8087153
34762,126.3701668
34763,69.6244441
34764,38.55453089
34765,32.66178718
34766,25.24164364
34767,14.04969541
34768,14.50564165
34769,12.47477188
34770,13.86190148
34771,13.28322212
34772,16.53648189
34773,15.94698006
34774,15.79057837
34775,11.46591464
34776,9.909291325
34777,9.902091323
34778,9.875552751
34779,9.698853865
34780,10.79290488
34781,12.29015444
34782,14.77792287
34783,12.88679426
34784,16.79771565
34785,21.66434576
34786,15.85273103
34787,12.25156354
34788,9.375794362
34789,9.851122595
34790,10.41958065
34791,10.53662219
34792,16.38328344
34793,27.07539152
34794,40.95866207
34795,56.20804571
34796,71.26589493
34797,72.63840655
34798,72.49012071
34799,74.41504585
34800,71.23513432
34801,73.27559525
34802,88.09024584
34803,74.6069883
34804,72.14605208
34805,86.14368599
34806,107.9498689
34807,108.3912064
34808,138.433207
34809,113.863913
34810,113.0576971
34811,117.9336903
34812,92.42915777
34813,91.62265966
34814,103.8446578
34815,90.20423278
34816,95.13215657
34817,89.49338583
34818,66.94282448
34819,65.98323938
34820,73.23194126
34821,75.5845869
34822,95.2558123
34823,99.16291707
34824,130.565079
34825,123.1585511
34826,128.0731164
34827,131.2001026
34828,95.27127055
34829,93.14430556
34830,102.9410067
34831,138.1631065
34832,150.157382
34833,169.8319352
34834,151.9700671
34835,166.9960696
34836,172.2963555
34837,186.3082927
34838,157.026881
34839,118.5429382
34840,77.74758067
34841,15.39000216
34842,21.00892682
34843,16.93995859
34844,12.75155733
34845,22.3918379
34846,22.23565051
34847,14.18332785
34848,3.006607661
34849,1.169010866
34850,5.816640586
34851,4.586432764
34852,2.727355394
34853,5.10331892
34854,3.633015636
34855,1.830425323
34856,3.769227929
34857,6.795664839
34858,10.3200461
34859,10.58854412
34860,6.318308871
34861,11.28474711
34862,13.14176077
34863,14.53396867
34866,8.503565286
34868,7.471347161
34869,19.15876323
34870,22.5676762
34871,18.13458146
34872,14.58399975
34875,12.09906266
34876,29.32202425
34879,58.30994182
34882,56.08753494
34883,64.71558596
34885,66.60548529
34887,31.60034411
34888,46.54304985
34889,35.88843687
34890,41.27707159
34891,38.05022182
34892,43.38348972
34893,62.16442436
34894,39.35911206
34895,54.425122
34896,56.90354853
34897,58.15036651
34898,57.96341738
34899,63.7198741
34900,76.10495472
34901,77.38880754
34902,77.12725008
34903,74.76496823
34904,74.44997596
34905,94.1905515
34906,95.52050975
34907,108.1307173
34908,114.8675668
34909,118.6927771
34910,117.2521699
34911,127.6177164
34912,128.4100772
34913,107.8852905
34914,48.81996026
34915,11.04205681
34916,10.40336828
34917,10.25101993
34918,11.27555083
34919,11.05373304
34920,9.064587088
34921,9.547004444
34922,11.09165559
34923,10.75880174
34924,12.00558364
34925,17.43344587
34926,20.45499116
34927,18.11521264
34928,19.15060533
34929,19.64669899
34930,24.44715377
34931,22.56147172
34932,16.31418094
34933,13.34099862
34934,11.55833008
34935,12.64628757
34936,22.69419251
34937,24.56989519
34938,23.96397886
34939,19.52308943
34940,22.29796881
34941,28.97281805
34942,31.74999712
34943,35.06045182
34944,37.75194041
34945,48.39558892
34946,49.30233977
34947,71.89708333
34948,78.00453286
34949,91.83409979
34950,87.39166782
34951,62.92274652
34952,50.12889171
34953,37.00250601
34954,19.55165232
34955,27.15200029
34956,16.889766
34957,13.64867925
34958,13.33760134
34959,14.85617824
34960,21.25414625
34961,18.15018389
34962,15.12331037
34963,13.56441801
34964,17.2791352
34965,14.07797637
34966,15.46130794
34967,15.96627034
34968,10.8319031
34969,11.87111592
34970,11.94989129
34971,9.828874139
34972,8.369406613
34973,10.59606392
34974,8.875573298
34975,8.21181689
34976,11.47238616
34977,13.49479776
34978,19.79351325
34979,14.74672907
34980,11.31843991
34981,11.14226056
34982,11.65458611
34983,12.21850568
34984,15.36417954
34985,13.94115656
34986,14.362036
34987,13.86787938
34988,18.3161052
34989,18.15987753
34990,19.46188528
34991,22.11855487
34992,15.97322446
34993,13.57186971
34994,12.40104018
34995,11.89313304
34996,11.65780563
34997,24.96264617
34998,20.30111255
34999,19.86001359
35000,20.47033731
35001,26.95268947
35002,24.3877851
35003,26.96342975
35004,22.1671836
35005,22.42752269
35006,16.91813662
35007,22.51934179
35008,30.27797375
35009,29.81665512
35010,26.21787305
35011,21.74049989
35012,22.61202544
35013,34.19569397
35014,34.84917142
35015,37.99439316
35016,35.3601162
35017,30.07243777
35019,28.14547507
35020,39.72268323
35021,49.36504972
35022,40.64732705
35023,94.63769997
35024,104.5367079
35025,102.1275348
35026,107.3708435
35027,114.1761169
35028,107.3014135
35029,121.8250104
35030,138.0856033
35034,44.3407789
35035,45.08375238
35036,36.41976514
35037,45.58731387
35038,38.33151001
35039,42.72756103
35040,48.70605105
35041,56.31729821
35042,24.60913578
35043,14.30287474
35044,11.4052783
35045,12.06653061
35046,11.64199761
35047,5.358857868
35048,13.40458415
35049,15.73310625
35050,12.7299322
35051,12.13136337
35052,9.222482124
35053,9.902305836
35054,7.894337669
35055,11.47459719
35056,6.391823824
35057,9.61196003
35058,19.34035932
35059,21.08515517
35060,13.28412271
35061,13.91645314
35062,14.16604111
35063,19.31256534
35064,20.27372814
33649,251.3758965
33650,383.9063993
33651,386.7703007
33652,364.3334611
33653,344.2383279
33654,352.6918645
33655,362.4167965
33656,338.7557679
33657,349.8362289
33658,363.7508434
33659,373.187344
33660,411.8900048
33661,469.7746036
33662,481.5421198
33663,471.9701107
33664,433.1308688
33665,450.5356807
33666,442.081657
33667,450.8915774
33668,458.0740887
33669,409.9192282
33670,426.351082
33671,419.8168689
33672,415.464178
33673,418.6996358
33674,450.0082746
33675,401.2305624
33676,356.2994143
33677,256.2207164
33678,168.8216507
33679,50.28668057
33680,25.1626919
33681,19.43953625
33682,15.61927664
33683,10.12412681
33684,19.68456941
33685,100.6676462
33686,118.1000184
33687,165.5412637
33688,172.1145244
33689,190.5267707
33690,175.5223283
33691,122.2635796
33692,112.6503219
33693,104.6665864
33694,89.15726511
33695,102.1255824
33696,106.4176556
33697,168.1864308
33698,196.9574167
33699,204.4941422
33700,206.326416
33701,206.5490433
33702,201.695905
33703,175.718809
33704,160.4291356
33705,194.8762579
33706,189.5392092
33707,172.6288482
33708,163.5303372
33709,166.0418943
33710,155.9244329
33711,154.4840041
33712,177.246069
33713,198.5648327
33714,260.6425849
33715,362.2123507
33716,397.7516119
33717,460.9705312
33718,468.1207727
33719,383.5371582
33720,419.0295644
33721,414.9983507
33722,338.6380236
33723,290.1386188
33724,340.095604
33725,275.5355266
33726,291.5482471
33727,288.5492004
33728,290.6713906
33729,263.0486939
33730,333.3522756
33731,311.1840313
33732,291.3866103
33733,313.2899061
33734,163.4264547
33735,127.3052432
33736,163.0022948
33737,226.8677873
33738,239.8817319
33739,298.4435663
33740,388.2793787
33741,415.1502941
33742,292.6828343
33743,260.6164366
33744,268.7842644
33745,312.5932124
33746,212.6449982
33747,179.4330198
33748,160.6520221
33749,193.4813457
33750,316.3566601
33751,292.1727479
33752,284.6194216
33753,258.2475246
33754,228.4227573
33755,211.1373763
33756,212.0188029
33757,210.321085
33758,218.538362
33759,233.9328206
33760,193.9920015
33761,167.6757118
33762,162.3152916
33763,95.79935359
33764,146.1673462
33765,168.20779
33766,182.8511774
33767,104.8217902
33768,175.4476311
33769,165.7769917
33770,152.7452872
33771,155.5175635
33772,156.8912475
33773,164.1685737
33774,155.4859175
33775,139.9815393
33776,147.8865205
33777,98.50316751
33778,162.5814806
33779,163.2813809
33780,176.0838257
33781,182.0526739
33782,185.9910864
33783,197.9165019
33784,199.5883102
33785,195.1818912
33786,202.7306067
33787,192.9687949
33788,187.2431877
33789,186.5201943
33790,190.9234338
33791,177.1953723
33792,179.078108
33793,193.5478723
33794,202.6740101
33795,210.7321413
33796,181.4523478
33797,185.8709028
33798,182.6876928
33799,174.2798689
33800,94.23114019
33801,160.8269696
33802,163.6488704
33803,153.297397
33804,150.9863831
33805,151.6910531
33806,135.7865143
33807,129.948552
33808,114.871229
33809,95.44408366
33810,90.22788196
33811,93.82465591
33812,97.94911855
33813,89.65654152
33814,62.17132778
33815,102.3142664
33816,121.6806874
33817,138.667857
33818,141.6684638
33819,48.10618499
33820,26.34754087
33821,26.52129389
33822,20.03256913
33823,12.98862872
33824,12.02835729
33825,11.67901422
33826,10.75898
33827,12.69116577
33828,15.72101467
33829,14.55412063
33830,16.25611978
33831,14.21163819
33832,29.36380824
33833,37.08124057
33834,23.72143175
33835,15.19681134
33836,12.44192116
33837,11.73842765
33838,11.32963692
33839,11.54964607
33840,10.51128093
33841,9.169535536
33842,13.02440551
33843,13.30441349
33844,7.919102041
33845,6.535294375
33846,7.52078387
33847,8.789119789
33848,9.691862931
33849,11.29049629
33850,10.08890878
33851,10.0074301
33852,10.93864938
33853,12.22374788
33854,15.05418834
33855,17.81795659
33856,32.0646676
33860,43.84337344
33861,72.97096241
33862,94.86550408
33863,108.8320445
33864,82.60770531
33865,40.7999874
33866,17.51477017
33867,16.01252421
33868,8.954522681
33869,6.965579825
33870,6.237752162
33871,4.148389977
33872,5.304810375
33873,7.156832244
33874,8.062263159
33875,4.752135738
33876,7.707979735
33877,5.637061075
33878,8.863915594
33879,5.740406929
33880,10.74726389
33881,9.758441333
33882,14.13090998
33883,37.29174739
33884,79.02077512
33885,95.69564195
33886,95.99892764
33887,99.77141176
33888,99.01347566
33889,100.8206169
33890,96.31068352
33891,83.80885999
33892,86.25498153
33893,79.30717009
33894,64.02511862
33895,32.59593004
33896,71.1710776
33897,95.74095168
33898,70.74668419
33899,89.90482132
33900,87.12752104
33901,68.41690242
33902,68.34641633
33903,44.18676005
33904,66.21943951
33905,93.14827097
33906,90.34247683
33907,97.71022538
33908,100.4273949
33909,53.41589063
33910,47.79149908
33911,27.49531557
33912,28.53959566
33913,20.49639864
33914,22.08304335
33915,15.25307453
33916,21.28885896
33917,18.10757592
33918,25.02503295
33919,16.67189245
33920,24.64656435
33921,23.3462996
33922,27.71784632
33923,17.48372463
33924,25.78396161
33925,38.0191003
33926,90.94411019
33927,81.70583937
33928,94.35894048
33929,86.08489607
33930,102.4568605
33931,108.1384681
33932,124.0669341
33933,124.1370382
33934,32.84142626
33935,19.61015688
33936,10.94022209
33937,9.532271094
33938,7.39295584
33939,8.547632496
33940,8.850590273
33941,10.47383423
33942,10.75161379
33943,12.59117682
33944,14.61344768
33945,14.5788251
33946,12.05165358
33947,15.14361511
33948,11.80837796
33949,12.97771803
33950,10.65205829
33951,10.4346939
33952,10.95625889
33953,14.9258903
33954,9.81762833
33955,11.48811749
33956,12.41580004
33957,14.76996578
33958,17.20033266
33959,25.22321413
33960,20.92063465
33961,17.23063307
33962,18.33525651
33963,21.85120558
33964,17.89466012
33965,17.81291387
33966,16.03706162
33967,18.63646121
33968,29.16101213
33969,32.9202326
33970,28.96244483
33971,25.85775122
33972,28.7629304
33973,18.00329478
33974,14.12022007
33975,15.12157227
33976,18.47686448
33977,19.97149712
33978,21.9617922
33979,29.10318302
33980,23.82184521
33981,35.12790409
33982,58.06740688
33983,61.18306545
33984,49.72203386
33985,65.29609099
33986,43.481774
33987,43.7698889
33988,49.21045136
33989,36.15871938
33990,25.60625907
33991,25.77396933
33992,26.59008963
33993,34.67391642
33994,34.55457245
33995,39.86936191
33996,43.4306875
33997,48.65467
33998,48.54080764
33999,49.13253925
34000,52.80175419
34001,59.09696413
34002,71.06003637
34003,79.13566471
34004,79.03504358
34005,80.39103515
34006,67.76367627
34007,80.370864
34008,75.88364933
34009,70.42700709
34010,71.58608099
34011,69.05948332
34012,73.96008608
34013,77.4410394
34014,81.96119677
34015,86.68912144
34016,79.75812825
34017,88.75176575
34018,91.12929216
34019,99.94852718
34020,91.59420969
34021,100.2475577
34022,110.0225348
34023,128.0351713
34024,119.823982
34025,101.2030732
34026,93.59407333
34027,101.1866432
34028,105.1129151
34029,119.3915336
34030,122.8119043
34031,127.7285193
34032,122.171332
34033,124.8526813
34034,125.4273573
34035,133.015797
34036,123.3507611
34037,133.9987411
34038,127.9754905
34039,120.2516378
34040,120.0734247
34041,126.774122
34042,128.655271
34043,135.9814589
34044,51.83507606
34045,64.42551284
34046,118.3765711
34047,124.4325789
34048,131.6015339
34049,128.5754427
34050,142.2833999
34051,145.2670959
34052,139.4234502
34053,147.8248554
34054,140.0489133
34055,162.4212599
34056,134.8782677
34057,90.47631672
34058,66.35063108
34059,40.56682381
34060,37.20003135
34061,31.33225315
34062,40.13881816
34063,32.73734442
34064,25.06546217
34065,29.07244241
34066,20.71549559
34067,22.51143103
34068,20.63351428
34069,21.93888538
34070,22.45784443
34071,26.45488099
34072,36.54291008
34073,36.59142859
34074,66.32249278
34075,64.78209286
34076,48.74573237
34077,38.71585633
34078,38.29908977
34079,43.38295412
34080,39.24714384
34081,42.65515828
34082,59.87442196
34083,89.79699063
34084,90.75562415
34085,99.94136879
34086,98.65691276
34087,115.9582198
34088,109.9632853
34089,107.8240783
34090,94.58773309
34091,54.78684705
34092,18.44270255
34093,11.53173136
34094,8.067141335
34095,10.46867986
34096,7.876832206
34097,12.49441493
34098,5.008854192
34099,6.143607609
34100,4.566362864
34101,5.537305325
34102,6.642629089
34103,7.412918201
34104,3.735431806
34105,6.549532455
34106,8.870910219
34107,6.592541583
34108,7.586664968
34109,6.995784382
34110,9.686084354
34111,12.46622213
34112,12.60238281
34113,7.030267879
34114,13.12871653
34115,8.169272152
34116,15.08480676
34117,16.46178312
34118,12.27460237
34119,18.34554972
34120,20.7767804
34121,28.80449315
34122,28.2228871
34123,27.67533305
34124,35.20594379
34125,23.07813906
34126,45.00501442
34127,61.2852933
34128,68.43497578
34129,73.72616311
34130,27.35390341
34131,70.27559587
34132,81.63500399
34133,70.14365696
34134,54.38409113
34135,29.07472647
34136,5.675007285
34137,7.85641203
34138,5.696966473
34139,5.607493242
34140,7.921330557
34141,8.227880054
34142,9.145052337
34143,7.58847882
34144,8.025907556
34145,8.223289199
34146,8.122897092
34147,6.770729077
34148,9.508808482
34149,11.29045472
34150,14.77870267
34151,18.51007254
34152,19.39587476
34153,16.62753405
34154,13.53398425
34155,19.12803609
34156,14.36372506
34157,16.38156017
34158,19.91477288
34159,12.57566026
34160,7.887264207
34161,16.30873796
34162,22.39221725
34163,14.84066357
34164,16.23046087
34165,14.63866933
34166,19.98458286
34167,21.95202835
34168,26.8589122
34169,35.68054177
34170,48.28785767
34171,61.83426867
34172,68.79217872
34173,62.55484324
34174,41.51881676
34175,43.79633466
34176,49.46162523
34177,14.62612423
34178,19.03054476
34179,10.64683527
34180,13.09083787
34181,12.44461232
34182,10.10799631
34183,11.28979814
34184,7.565506916
34185,18.30654471
34186,11.50862183
34187,23.3735485
34188,15.83172276
34189,13.55371391
34190,13.85064098
34191,16.90019608
34192,20.18899941
34193,25.68330402
34194,24.74515126
34195,26.89550761
34196,9.043162592
34197,45.94545012
34198,57.09468713
34199,57.67331801
34200,60.58672788
34201,49.72010762
34202,51.25782238
34203,53.32044794
34204,52.56255934
34205,56.65267087
34206,63.70216869
34207,61.25994137
34208,70.92925314
34209,88.07734399
34210,79.79844764
34211,47.19643306
34212,46.0533209
34213,53.33866158
34214,53.57169857
34215,55.44384496
34216,74.80529849
34217,100.5234283
34218,105.1482051
34219,109.1844428
34220,113.655825
34221,116.1512121
34222,103.227893
34223,118.9114074
34224,111.2564098
34225,112.3749535
34226,115.9239789
34227,132.4774204
34228,151.3609911
34229,157.2208288
34230,144.8037877
34231,133.4240818
34232,135.744971
34233,139.7315055
34234,145.921118
34235,136.6785829
34236,136.5333786
34237,132.2245456
34238,140.8550033
34240,153.4585702
34241,162.083295
34242,161.1988902
34243,147.8416398
34244,143.396189
34245,176.7727852
34246,189.7086143
34247,196.7821607
34248,207.0576411
34249,204.0649327
34250,239.9512171
34251,256.5367017
34252,252.0659077
34253,196.4734194
34254,246.5196157
34255,237.6696642
34256,241.2901078
34257,235.1146445
34258,225.5617334
34259,168.9360953
34260,237.7720219
34261,225.2249763
34262,169.3454706
34263,127.8959741
34264,27.9599537
34265,21.25528509
34266,8.675319096
34267,11.59868125
34268,10.50257611
34269,5.41703174
34270,4.928658008
34271,6.581893759
34272,6.410476563
34273,7.050878505
34274,8.398732308
34275,3.485803936
34276,5.082048191
34277,9.735178923
34278,8.9975943
34279,9.817310524
34280,12.41660369
34281,16.97596033
34282,18.31808065
34283,24.83266951
34284,29.93226303
34285,37.05885305
34286,31.97062766
34287,35.58254091
34288,36.03582428
34289,41.60593671
34290,42.1687156
34291,46.30680398
34292,56.21982898
34293,77.86247268
34294,131.7302589
34295,215.2899747
34296,290.1985976
34297,280.6825193
34298,401.6562576
34299,445.2928912
34300,389.110625
34301,442.5041886
34302,509.6655808
34303,513.2763086
34304,487.0437077
34305,358.5742653
34306,336.964361
34307,301.437711
34308,286.8371824
34309,288.6953748
34310,251.458557
34311,225.393783
34312,231.3022315
34313,223.4717019
34314,245.1917409
34315,245.5494066
34316,233.7921122
34317,246.1245687
34318,268.000043
34319,280.8629353
34320,231.8778754
34321,245.0657025
34322,218.6078599
34323,168.4295197
34324,28.16431711
34325,16.3767827
34326,9.002525749
34327,10.65841299
34328,9.698082304
34329,10.94400039
34330,5.974235691
34331,6.833579647
34332,6.518655851
34333,8.209684658
34334,7.447604798
34335,7.869993087
34336,9.751087905
34337,7.620763443
34338,9.576939869
34339,6.895216855
34340,7.075026087
34341,7.738661052
34342,7.03326804
34343,3.844429619
34344,5.38838369
34345,2.795129821
34346,5.139202662
34347,5.052330065
34348,4.272848339
34349,3.494805597
34350,5.526149725
34351,7.582026944
34352,8.763801042
34353,9.362668379
34354,7.485004672
34355,5.68932733
34356,5.013669929
34357,6.157611268
34358,9.181315937
34359,8.118233818
34360,9.901171532
34361,7.981227635
34362,51.96319913
34363,30.94121357
34364,30.0266998
34365,35.13975976
34366,39.09975046
34367,34.43434
34368,53.12403922
34369,58.41634265
34370,57.51394076
34371,62.95641666
34372,68.140874
34373,70.64057031
34374,63.74940805
34375,56.50133269
34376,56.10688474
34377,52.42395487
34378,59.15223262
34379,52.42866253
34380,50.65897701
34381,48.02709311
34382,48.4340133
34383,53.26300668
34384,59.92221906
34385,46.98209315
34386,44.96809698
34387,56.15959922
34388,72.29932516
34389,90.40121663
34390,52.05664678
34391,26.11114885
34392,14.71462367
34393,12.4667605
34394,18.22503169
34395,18.25435916
34396,13.31171709
34397,11.43211277
34398,8.824675015
34399,9.392770963
34400,10.41549368
34401,9.013975695
34402,5.580064425
34403,6.210373151
34404,8.010474769
34405,11.07589886
34406,12.2569982
34407,9.888556512
34408,14.10819969
34409,15.87024948
34410,29.22617511
34411,23.92810858
34412,62.59973682
34413,106.597064
34414,136.5850278
34415,158.523153
34416,182.1409991
34417,170.5958803
34418,144.1034419
34419,87.74859737
34420,102.2611662
34421,105.2842316
34422,87.01687382
34423,66.57585772
34424,60.90348554
34425,64.73700472
34426,65.69664029
34427,39.04015565
34428,58.42721618
34429,64.13093365
34430,54.44968112
34431,59.77777785
34432,63.8947577
34433,64.35665886
34434,80.37577144
34435,84.17962205
34436,105.0250677
34437,130.0419541
34438,144.0700246
34439,141.6250515
34440,113.3554419
34441,115.2833398
34442,109.5962542
34443,114.6840596
34444,114.3885129
34445,103.7686733
34446,89.22278642
34447,87.4729982
34448,103.0119668
34449,111.434824
34450,99.96206466
34451,108.3240682
34452,98.97851907
34453,94.71195229
34454,91.6989372
34455,105.6668122
34456,126.4711678
34457,171.0794275
34458,159.9047225
34459,148.6012098
34460,218.8737208
34461,251.8362841
34462,288.3839616
34463,277.5018217
34464,293.431735
34465,207.2428033
34466,205.1523091
34467,183.7674926
34468,207.3421902
34469,227.6861607
34470,245.7947224
34471,258.5173223
34472,251.9811543
34473,252.0650744
34474,253.6729637
34475,242.15729
34476,240.5332415
34477,247.8848609
34478,246.3755555
34479,148.9112929
34480,256.4869033
34481,249.6629735
34482,293.4551364
34483,295.0491969
34484,288.926635
34485,50.50386139
34486,18.20087384
34487,10.25728039
34488,9.655136702
34489,17.72000468
34490,21.31183153
34491,21.76868382
34492,23.35456702
34493,23.75338314
34494,26.93464216
34495,15.2323654
34496,14.45831456
34497,13.73167634
34498,3.636319416
34499,5.960682669
34500,6.087363285
34501,5.214689481
34502,6.62756812
34503,6.042488172
34504,8.730783662
34505,10.4587527
34506,12.41017429
34507,11.09411363
34508,12.78180186
34509,9.742426784
34510,16.13609983
34511,21.04242443
34512,16.90989884
34513,21.18136727
34514,20.83274143
34515,11.04204296
34516,12.12343423
34517,8.607571188
34518,8.255788623
34519,8.039620215
34520,9.251040281
34521,10.79625914
34522,7.18408268
34523,7.825074738
34524,8.787988015
34525,10.88378018
34526,9.547794145
34527,9.541228678
34528,10.1548363
34529,15.70302311
34530,17.88292346
34531,26.88865416
34532,34.38806074
34533,37.35688727
34534,41.14579626
34535,34.83442856
34536,60.07188672
34537,53.52302315
34538,75.13260913
34539,76.39754486
34540,83.81628987
34541,93.24135314
34542,99.1409678
34543,72.10391522
34544,103.2901913
34545,80.39061827
34546,97.51245082
34547,95.79316448
34548,56.66850407
34549,46.6539976
34550,43.1026762
34551,51.81525239
34552,95.1144084
34553,96.26420398
34554,109.6510725
34555,118.9190194
34556,122.4685655
34557,76.31885508
34558,123.5535262
34559,128.836414
34560,131.6161851
34561,124.279626
34562,118.5651373
34563,120.5741781
34564,130.747755
34565,115.6862299
34566,83.48718153
34567,27.59931155
34568,12.19585237
34569,9.36063483
34570,5.850764568
34571,8.9549108
34572,8.738288026
34573,11.26266181
34574,13.19403735
34575,14.15659168
34576,12.81848406
34577,12.31409565
34578,10.33813685
34579,8.534261649
34580,7.881761811
34581,8.813352529
34582,10.56359499
34583,8.650295835
34584,7.385704828
34585,6.677727476
34586,7.011437749
34587,5.687690372
34589,5.987195934
34590,5.947866663
34591,6.397388484
34592,44.86945951
34593,5.988992424
34594,5.258991033
34595,4.345751517
34596,3.573039668
34597,5.374232597
34598,6.186586463
34599,14.20557767
34600,4.975395761
34601,9.35314944
34602,9.146270871
34603,7.713257842
34604,7.865868476
34605,7.335661696
34606,6.598127026
34607,7.717618015
34608,7.492368069
34609,7.178069472
34610,6.072266888
34611,7.329009486
34612,7.846833288
34613,5.690631337
34614,5.843186145
34615,6.223897077
34616,6.134865662
34617,6.988285231
34618,5.548384302
34619,3.881197584
34620,6.003784314
34621,6.495624771
34622,7.741811396
34623,8.771654944
34624,10.63611666
34625,11.60794713
34626,10.0649418
34627,8.391995858
34628,9.033317006
34629,13.99774118
34630,17.67886427
34631,17.16495077
34632,21.00384191
34633,20.69228291
34634,16.65889972
34635,14.70498869
34636,16.34749225
34637,33.3597434
34638,26.15181262
34639,51.74251991
34640,37.30909628
34641,34.75504866
34642,35.67069599
34643,27.94919617
34644,24.69446418
34645,15.89727191
34646,10.39039741
34647,6.783800829
34648,13.64384356
34649,26.17983969
34650,48.4720612
34651,45.15011941
34652,49.95756747
34653,118.2662135
34654,179.443206
34655,204.1297141
34656,165.4260937
34657,174.9957438
34658,141.7599644
34659,153.6191765
34660,107.3450898
34661,137.3434711
34662,97.27140794
34663,90.63754524
34664,69.83442737
34665,62.59264566
34666,67.16979422
34667,101.5903901
34668,114.8963038
34669,102.5681275
34670,92.45795966
34671,68.4523837
34672,97.5028761
34673,89.29135228
34674,93.05701252
34675,111.2626622
34676,98.05776769
34677,109.9664198
34678,147.2140822
34679,147.5763114
34680,173.3276803
34681,176.6094688
34682,171.526854
34683,164.3983785
34684,138.8642225
34685,126.4909066
34686,107.0824759
34687,114.7938552
34688,120.9063258
34689,110.705533
34690,96.93192165
34691,79.35605002
34692,46.86237192
34693,21.75283201
34694,15.1211184
34695,13.84109009
34696,12.11055782
34697,16.00320504
34698,18.43368233
34699,27.79953631
34700,29.97029248
34701,67.71076143
34702,99.72131393
34703,140.5220255
34704,171.6668608
34705,174.7792374
34706,170.7480548
34707,150.7434506
34708,159.6347352
34709,189.9726339
34710,189.3589126
34711,100.878982
34712,155.7578826
34713,157.1609995
34714,163.4272328
34715,163.3239004
34716,178.7643229
34717,184.215115
34718,185.7786118
34719,191.3794378
34720,198.1573324
34721,210.3224133
34722,154.5229872
34723,187.8453143
34724,184.5872875
34725,192.3770579
34726,209.6553464
34727,217.1775873
34728,146.4395472
34729,220.9195119
34730,218.8370141
34731,209.4971019
34732,213.5989336
34733,209.2898316
34734,214.3841162
34735,221.8377009
34736,234.7774429
34737,269.229627
34738,218.6689616
34739,230.0442556
34740,231.3144676
34741,151.6129444
34742,244.3911509
34743,215.6238897
34744,243.9462841
34745,232.2542108
34746,234.9852064
34747,247.1645293
34748,262.7467918
34749,247.2550174
34750,233.4520223
34751,240.0538853
34752,241.0254772
34753,255.6481823
34754,254.0478966
34755,255.7345615
34756,252.2177549
34758,245.4884302
34759,239.716193
34760,219.432073
34761,211.3479477
34762,184.9734798
34763,94.58077141
34764,60.7009186
34765,31.20738537
34766,18.53016628
34767,12.03786516
34768,9.167604711
34769,8.15613114
34770,10.92727647
34771,11.19104058
34772,13.41156194
34773,9.20520641
34774,8.514090641
34775,7.840962077
34776,7.57292666
34777,7.853325904
34778,9.065678731
34779,7.271466663
34780,10.93078991
34781,11.79959382
34782,6.934948148
34783,10.7465849
34784,15.20921761
34785,11.74905551
34786,10.91420295
34787,6.586274117
34788,5.877112845
34789,6.286360646
34790,7.306002086
34791,10.63938409
34792,13.04264125
34793,23.7405458
34794,40.41858401
34795,63.94616685
34796,71.03014477
34797,67.08935005
34798,61.8760365
34799,59.78056187
34800,60.01734618
34801,58.4554865
34802,68.21985196
34803,74.6941004
34804,91.72393508
34805,91.58786069
34806,95.28067493
34807,83.95282586
34808,58.13517397
34809,82.32723518
34810,99.74033907
34811,72.08437815
34812,76.78486137
34813,75.76810805
34814,71.64973438
34815,75.00988962
34816,85.93007268
34817,87.21226267
34818,80.92971177
34819,80.21564239
34820,94.35244983
34821,121.4869923
34822,118.4009644
34823,104.410547
34824,104.0812845
34825,97.57808065
34826,106.5807583
34827,117.4538376
34828,117.8002598
34829,126.1297331
34830,125.8131823
34831,128.1620753
34832,120.2335395
34833,124.1597434
34834,140.3688066
34835,128.8707584
34836,147.0875516
34837,164.3434922
34838,156.9033741
34839,104.0929039
34840,49.67682472
34841,19.76163942
34842,16.16763141
34843,11.92949765
34844,13.95773025
34845,16.10467337
34846,12.44701099
34847,12.25173431
34848,5.106221264
34849,4.893052908
34850,5.95423013
34851,3.344005473
34852,4.289981663
34853,3.702153935
34854,2.96787257
34855,5.872320856
34856,3.832604032
34857,10.2398562
34858,4.002458504
34859,4.800649062
34860,1.179550677
34861,5.969223843
34862,8.097054005
34863,6.46832878
34866,8.916544366
34868,15.65579903
34869,21.52895853
34870,29.37299837
34871,26.89497273
34872,36.42011859
34875,30.39994891
34876,37.89074714
34879,69.30205823
34882,66.41088868
34883,77.22409673
34885,138.2353949
34887,32.76331247
34888,25.33167301
34889,24.40815326
34890,22.90437459
34891,22.36173582
34892,28.68728734
34893,35.75397008
34894,53.18358561
34895,57.27462222
34896,57.14562741
34897,62.00572989
34898,70.42280143
34899,82.23908334
34900,83.82573838
34901,83.34668046
34902,89.44839019
34903,86.6114077
34904,80.99466988
34905,81.12853817
34906,92.31501663
34907,103.0942206
34909,98.79539905
34910,117.0277199
34911,132.4432096
34912,126.1322405
34913,113.9866991
34914,29.66290289
34915,6.448289974
34916,2.790212103
34917,5.568727016
34918,6.42314308
34919,8.010475929
34920,9.572705984
34921,8.792115628
34922,11.90634948
34923,12.0695643
34924,7.791990207
34925,10.33643667
34926,10.78767029
34927,13.72684931
34928,13.10516947
34929,30.02442342
34930,18.90746432
34931,17.43543221
34932,9.807726248
34933,9.68491636
34934,8.082766545
34935,11.88261261
34936,26.1292006
34937,21.448786
34938,11.25785136
34939,6.875849537
34940,12.3036183
34941,16.28726191
34942,27.4101036
34943,34.69665399
34944,35.68583555
34945,47.68927181
34946,23.06736762
34947,30.93065591
34948,30.70051436
34949,21.2447513
34950,33.22307012
34951,36.85039155
34952,70.62258184
34953,74.4828855
34954,32.84871011
34955,16.42275973
34956,10.81427201
34957,13.62567882
34958,15.78438287
34959,15.0925889
34960,19.05157734
34961,9.376474635
34962,8.874100066
34963,10.77107384
34964,11.29182132
34965,13.91754851
34966,15.49191974
34967,18.33030633
34968,12.09915187
34969,10.59623064
34970,15.1597864
34971,12.58104013
34972,10.29063053
34973,9.765959703
34974,7.464562012
34975,10.00708842
34976,14.90754502
34977,18.98534245
34978,10.25066311
34979,9.882977705
34980,8.296160909
34981,7.584991729
34982,7.41413943
34983,9.36653036
34984,10.6332697
34985,12.33901907
34986,10.60953659
34987,12.10975869
34988,14.72118306
34989,17.87962233
34990,19.37728092
34991,24.38696003
34992,19.63659281
34993,26.9349173
34994,28.45688504
34995,21.04242048
34996,18.83356168
34997,16.77596813
34998,20.25098998
34999,29.70532844
35000,29.88602432
35001,43.13034806
35002,31.97290356
35003,25.08352009
35004,24.06073284
35005,21.49275304
35006,22.23673729
35007,23.29278721
35008,26.45783942
35009,28.24014382
35010,25.77698771
35011,25.78036357
35012,30.58102763
35013,42.95338398
35014,36.06870997
35015,45.93907311
35016,48.92850605
35017,58.26261831
35018,61.08053245
35019,75.86883003
35020,82.9579392
35021,79.10298675
35022,80.30845559
35023,83.98028217
35024,87.02565418
35025,93.4598324
35026,60.97456744
35027,52.89011951
35028,45.76870537
35029,45.11670457
35030,52.09269775
35031,79.19154211
35032,73.36476587
35033,47.1818073
35034,39.44847023
35035,40.52286993
35036,30.27426848
35037,58.69967431
35038,77.90964318
35039,71.18106751
35040,35.8879638
35041,21.01764233
35042,19.36828707
35043,22.54303495
35044,12.65698121
35045,9.829764531
35046,12.213017
35047,13.77036521
35048,8.211825132
35049,8.087223418
35050,5.355962996
35051,5.143441014
35052,4.975782866
35053,4.513685738
35054,3.654701423
35055,5.141149777
35056,7.046949954
35057,8.004452814
35058,7.835187835
35059,8.608978307
35060,7.875806914
35061,16.51148641
35062,12.32698963
35063,12.67945677
35064,12.45449445
33649,232.8956226
33650,326.9252977
33651,322.2514999
33652,327.3898559
33653,324.8373861
33654,346.8680499
33655,351.0451674
33656,345.3292387
33657,355.1753528
33658,386.7811843
33659,403.8418887
33660,421.7648274
33661,450.7884912
33662,490.98735
33663,484.2756956
33664,454.7162045
33665,450.4528884
33666,414.6699636
33667,434.5896203
33668,392.1171065
33669,411.8280275
33670,394.5040314
33671,381.514605
33672,375.7059368
33673,383.5651428
33674,386.5411653
33675,398.2258758
33676,363.4494821
33677,263.1015074
33678,117.1475682
33679,58.86567456
33680,48.51949686
33681,44.13566167
33682,147.2537985
33683,253.3810403
33684,285.0031114
33685,278.1478477
33686,266.4652674
33687,236.0790495
33688,214.9834092
33689,179.5525838
33690,176.7938311
33691,155.4584715
33692,145.8126715
33693,129.9577859
33694,135.8617136
33695,162.6527443
33696,192.8227787
33697,262.3694204
33698,322.6559095
33699,358.5331378
33700,306.4111759
33701,242.7451301
33702,265.6420037
33703,275.1927598
33704,266.6557727
33705,251.0274814
33706,297.7933732
33707,290.1136339
33708,263.7797678
33709,232.6892339
33710,218.1522915
33711,218.3707196
33712,262.6195653
33713,364.5277899
33714,322.9944763
33715,394.9522186
33716,486.4523931
33717,494.5155227
33718,555.9032398
33719,545.3108423
33720,359.1588075
33721,324.2811461
33722,354.8598039
33723,355.2731981
33724,340.4913757
33725,337.5532566
33726,288.9902832
33727,294.0163108
33728,301.7241889
33729,266.6352636
33730,216.8011216
33731,212.5790434
33732,198.8317429
33733,234.1701816
33734,110.3148537
33735,81.97905443
33736,200.596171
33737,308.2666127
33738,362.8140475
33739,335.8698083
33740,370.9435273
33741,397.5515497
33742,381.2087374
33743,385.974943
33744,311.3840854
33745,273.5803065
33746,205.929212
33747,173.7630783
33748,176.4324064
33749,190.1612229
33750,223.4131147
33751,351.6276735
33752,364.6385442
33753,342.8692036
33754,326.8702148
33755,330.5557964
33756,281.3134491
33757,265.4170439
33758,214.0729037
33759,199.4845302
33760,179.0076584
33761,167.6568025
33762,159.3128797
33763,170.5371505
33764,171.7067529
33765,182.955345
33766,179.2901496
33767,182.6701987
33768,180.5768351
33769,180.5020517
33770,197.0805471
33771,194.9011307
33772,178.6593862
33773,174.9004778
33774,158.528858
33775,153.3869814
33776,170.3473818
33777,194.5404727
33778,228.686695
33779,229.3754299
33780,224.8866812
33781,156.6499139
33782,230.2820852
33783,222.4377114
33784,194.970552
33785,183.0022524
33786,198.3039317
33787,206.6108183
33788,203.7044662
33789,208.1537403
33790,196.9748903
33791,199.8741315
33792,210.2960669
33793,208.6643306
33794,216.1473831
33795,217.7424836
33796,222.1258687
33797,225.0927745
33798,231.9421211
33799,191.7470842
33800,190.2521364
33801,118.3668993
33802,190.4095251
33803,179.9677117
33804,152.4888563
33805,157.4743179
33806,167.1193199
33807,168.7922207
33808,95.48775464
33809,126.6601765
33810,134.9147894
33811,136.3461065
33812,130.6103854
33813,135.6919654
33814,155.964466
33815,189.4005082
33816,195.4736697
33817,182.6378618
33818,161.9147728
33819,124.130405
33820,37.07660258
33821,16.63895156
33822,14.53152093
33823,12.86760047
33824,11.80870854
33825,12.55252702
33826,13.74402149
33827,13.27750571
33828,15.82447487
33829,16.46521926
33830,16.04412547
33831,16.43916505
33832,72.24166768
33833,102.0294545
33834,106.9605604
33835,114.124755
33836,42.26280945
33837,67.77901985
33838,18.98900203
33839,13.07418487
33840,11.10914674
33841,12.81117767
33842,10.52991704
33843,10.10172633
33844,9.370023265
33845,7.470915699
33846,6.963626826
33847,6.811790503
33848,7.79659386
33849,9.143711906
33850,9.602792972
33851,9.461402963
33852,10.39287169
33853,13.68417265
33854,16.7554814
33855,21.8518648
33856,43.43686244
33857,37.54376019
33858,40.55905124
33859,50.91273265
33860,61.76598499
33861,76.88500041
33862,78.95488414
33863,87.530541
33864,81.60313374
33865,90.94367979
33866,50.73141503
33867,37.75793377
33868,19.33436344
33869,13.34012508
33870,11.8317951
33871,11.82025802
33872,11.95382104
33873,11.74758086
33874,14.3437671
33875,13.13447418
33876,13.45076649
33877,13.42446931
33878,13.58781555
33879,14.96707488
33880,19.59841045
33881,37.01928978
33882,51.06174075
33883,60.28900176
33884,63.3277426
33885,68.31020076
33886,68.70934214
33887,71.83767896
33888,65.3485427
33889,101.8329916
33890,80.66225496
33891,86.95571236
33892,92.47922444
33893,102.0721408
33894,88.16209437
33895,61.64503052
33896,54.97437851
33897,58.50241522
33898,60.06071125
33899,61.79057437
33900,67.17518637
33901,92.32009407
33902,125.7112292
33903,86.97825961
33904,121.6674892
33905,126.69827
33906,116.3239398
33907,109.5977197
33908,113.475677
33909,130.3851447
33910,113.9705377
33911,103.9997759
33912,41.51884831
33913,29.54522756
33914,18.60350363
33915,20.63633874
33916,20.72349694
33917,16.80748271
33918,17.69050903
33919,16.37347965
33920,17.77214863
33921,21.20679089
33922,22.50091094
33923,27.31727382
33924,36.04103876
33925,55.52611804
33926,74.38717427
33927,74.55163335
33928,82.28471472
33929,103.4015609
33930,106.8646578
33931,119.4398158
33932,135.1904985
33933,157.1568549
33934,92.36833598
33935,11.06075151
33936,14.05484153
33937,7.330550606
33938,9.17884163
33939,10.7029948
33940,7.206562517
33941,6.814154566
33942,7.109023254
33943,8.36828378
33944,9.047810863
33945,12.96276801
33946,15.60111301
33947,13.24576373
33948,12.83710388
33949,10.7088385
33950,8.788241541
33951,9.901463038
33952,9.934184381
33953,10.67805276
33954,10.07369845
33955,10.71217905
33956,12.09851988
33957,13.95142965
33958,14.73859223
33959,17.45643442
33960,11.6720291
33961,11.56843559
33962,15.92263083
33963,12.7504419
33964,13.36912554
33965,13.58988904
33966,10.03078051
33967,9.832855529
33968,9.535307998
33969,11.56327724
33970,19.64869224
33971,24.04501127
33972,20.8599145
33973,14.78258597
33974,15.62862302
33975,15.50013548
33976,13.78845043
33977,19.45497795
33978,18.13716907
33979,23.88239001
33980,39.93742535
33981,63.74639041
33982,77.28544743
33983,60.10810933
33984,54.67017596
33985,38.9525071
33986,58.74907957
33987,51.36016574
33988,47.8993934
33989,52.17047009
33990,35.26183989
33991,28.80501648
33992,29.23430804
33993,38.5384708
33994,40.36884992
33995,43.09614191
33996,38.9960317
33997,43.53738947
33998,42.3479391
33999,47.96943586
34000,51.74156725
34001,62.40701749
34002,67.67140563
34003,67.73186839
34004,70.43131193
34005,81.90841482
34006,78.92254512
34007,76.735875
34008,93.29012618
34009,95.06573906
34010,96.00213371
34011,90.60096796
34012,88.40519945
34013,76.55255362
34014,79.148876
34015,84.18860579
34016,94.73369162
34017,95.23847079
34018,81.85567365
34019,72.2192343
34020,44.13006645
34021,38.3589416
34022,43.50349092
34023,67.45664945
34024,72.04214534
34025,72.10994568
34026,74.26429774
34027,81.49263467
34028,97.08376807
34029,117.7405877
34030,114.6757289
34031,108.8951424
34032,98.97646058
34033,105.681609
34034,99.23059717
34035,98.91281662
34036,103.89569
34037,107.199456
34038,113.5151615
34039,110.1413305
34040,117.021223
34041,107.1498033
34042,105.6322122
34043,130.6391217
34044,140.70014
34045,149.3318425
34046,157.4847895
34047,159.6581532
34048,157.0956715
34049,154.9885064
34050,165.3101265
34051,163.6745959
34052,161.8229456
34053,163.0925424
34054,165.7121968
34055,151.8323528
34056,158.9053582
34057,134.0241126
34058,61.17976075
34059,36.60976579
34060,40.05925732
34061,42.97734417
34062,22.58859519
34063,15.36351206
34064,12.19772537
34065,15.45870171
34066,17.57545386
34067,20.22375279
34068,14.48751181
34069,15.07461078
34070,16.00263119
34071,24.29538341
34072,38.42467972
34073,50.64839944
34074,51.15876238
34075,45.91856737
34076,44.17061429
34077,41.26044724
34078,44.17490178
34079,50.34102807
34080,61.55357949
34081,71.84433497
34082,89.68798033
34083,89.88163981
34084,102.9733996
34085,107.1666109
34086,109.281681
34087,102.7596026
34088,105.0845084
34089,101.2441644
34090,90.2276051
34091,64.18300842
34092,22.51792172
34093,21.60641408
34094,36.04641076
34095,30.03176423
34096,30.45396552
34097,25.03875314
34098,23.50592576
34099,20.13060606
34100,17.94180775
34101,18.34629871
34102,14.18925519
34103,12.66476914
34104,10.17090274
34105,10.07278626
34106,5.84561283
34107,4.727149898
34108,5.658699646
34109,4.879872506
34110,6.215019214
34111,12.26322194
34112,11.91266819
34113,14.02389761
34114,16.48575362
34115,16.63315721
34116,12.28863154
34117,19.54740802
34118,22.50135157
34119,23.83277537
34120,17.94853213
34121,16.18143729
34122,15.68893719
34123,18.66429737
34124,28.34370981
34125,29.31941154
34126,23.03205096
34127,53.32733477
34128,48.83765153
34129,71.00481444
34130,76.53376388
34131,83.16708351
34132,77.46688176
34133,81.89984271
34134,78.30751553
34135,37.7002672
34136,7.748203772
34137,8.822778847
34138,7.025388919
34139,6.721361223
34140,8.296905463
34141,8.485774044
34142,10.96361019
34143,9.801830148
34144,9.577792259
34145,9.588232998
34146,9.08057816
34147,8.402839973
34148,10.24130887
34149,9.647074466
34150,8.405588931
34151,7.674715825
34152,8.858984969
34153,6.769258775
34154,6.719516468
34155,9.845354786
34156,11.31713485
34157,8.429803154
34158,7.865271358
34159,7.383410961
34160,6.974857199
34161,13.16453058
34162,14.31921924
34163,14.72289657
34164,13.8442707
34165,18.22904171
34166,22.23676308
34167,19.17458017
34168,32.07525971
34169,41.97539389
34170,57.1178603
34171,69.1896883
34172,81.05741816
34173,70.39267087
34174,40.82578891
34175,33.47273728
34176,27.60265931
34177,16.44753178
34178,15.9918977
34179,11.95621123
34180,12.13486235
34181,11.55325089
34182,11.67097944
34183,10.81276795
34184,11.23424147
34185,12.42665668
34186,10.1866357
34187,14.3645247
34188,11.20908419
34189,12.653423
34190,17.4505185
34191,21.50633537
34192,20.43360878
34193,25.94236946
34194,42.61763055
34195,42.48748091
34196,57.0550129
34197,60.73480363
34198,69.92511687
34199,73.78927052
34200,98.31287545
34201,89.86317817
34202,93.60161184
34203,93.30334587
34204,88.96907873
34205,98.10577845
34206,93.22766249
34207,111.480981
34208,106.313475
34209,77.59259235
34210,46.58559519
34211,33.16870586
34212,39.68696158
34213,53.72607714
34214,56.89518264
34215,33.49566187
34216,72.27130386
34217,121.5705208
34218,140.4293223
34219,134.8356628
34220,125.1320959
34221,123.2782092
34222,124.2228897
34223,126.3878266
34224,130.3697944
34225,125.0246713
34226,137.2427506
34227,161.0955956
34228,186.5347181
34229,205.0389851
34230,190.5470704
34231,218.9688354
34232,210.834176
34233,191.2432678
34234,168.9631245
34235,163.0491206
34236,158.1049263
34237,145.0231496
34238,138.1602056
34240,154.5943939
34241,177.0417969
34242,186.6085288
34243,182.180833
34244,184.3501545
34245,211.8363212
34246,231.5772414
34247,240.9772514
34248,254.8843484
34249,265.3836571
34250,292.3688963
34251,320.8288429
34252,363.3508788
34253,370.1141886
34254,334.3225021
34255,318.9871718
34256,316.6961297
34257,292.8123179
34258,277.0490413
34259,283.2222713
34260,286.6730164
34261,280.7629343
34262,211.5905711
34263,147.4465496
34264,26.19503332
34265,21.30851444
34266,13.99834154
34267,12.45658919
34268,13.48117608
34269,8.913915455
34270,9.600850648
34271,9.956632666
34272,10.49329205
34273,7.344219154
34274,10.21562795
34275,7.605626273
34276,8.753865118
34277,10.77617959
34278,9.636408867
34279,6.443399663
34280,6.796613624
34281,12.69072532
34282,21.42988819
34283,22.78143022
34284,30.70467324
34285,36.88418774
34286,34.057321
34287,33.06358793
34288,35.62805436
34289,36.87854714
34290,41.36869124
34291,55.76357026
34292,76.04888618
34293,120.7558491
34294,216.1422949
34295,253.8570434
34296,306.513735
34297,326.2226699
34298,385.8669902
34299,476.6243493
34300,508.168212
34301,403.4980037
34302,525.9126062
34303,527.8220142
34304,512.6769857
34305,419.4270223
34306,345.7227528
34307,311.1316444
34308,298.2214109
34309,285.1170123
34310,271.1133376
34311,246.7646096
34312,230.0954004
34313,235.1561063
34314,252.1910886
34315,240.1958412
34316,231.7508322
34317,238.9969647
34318,265.4588479
34319,247.2523512
34320,273.6070968
34321,271.1144527
34322,263.1562994
34323,195.3175329
34324,34.07605302
34325,14.49799951
34326,9.499748045
34327,13.30120727
34328,12.50312807
34329,12.94096437
34330,5.583264142
34331,7.831235262
34332,16.68964143
34333,20.7398326
34334,7.691996459
34335,10.77718626
34336,11.56747938
34337,10.73435137
34338,11.08055333
34339,10.68103413
34340,9.572974884
34341,8.512802959
34342,7.886227279
34343,5.840741453
34344,4.955683395
34345,2.822189629
34346,4.180992616
34347,4.406428192
34348,3.520769728
34349,2.819408943
34350,3.929109421
34351,5.207334757
34352,4.21387025
34353,6.004864514
34354,4.71751684
34355,5.613479155
34356,6.574247178
34357,8.256749085
34358,10.16943799
34359,11.33779934
34360,9.870395834
34361,9.342623937
34362,46.31000726
34363,33.98109888
34364,35.62831906
34365,37.84831978
34366,40.95290276
34367,42.80697487
34368,54.7221214
34369,63.40969653
34370,76.35680927
34371,69.39190045
34372,62.63471432
34373,63.79665121
34374,61.46495607
34375,66.17830383
34376,73.90253098
34377,74.51599452
34378,80.33114706
34379,92.40236152
34380,95.74522216
34381,78.81282822
34382,83.93377657
34383,72.98018633
34384,69.47669741
34385,56.31843557
34386,45.87331647
34387,51.65858961
34388,51.3325484
34389,93.90883915
34390,88.36981835
34391,26.32984156
34392,6.968492206
34393,7.819449961
34394,7.400912921
34395,8.881829626
34396,10.02274674
34397,8.414618552
34398,8.763619182
34399,8.27174248
34400,6.763191683
34401,7.103389624
34402,4.72202627
34403,7.456976601
34404,6.010006758
34405,8.067550077
34406,12.18490921
34407,16.90756915
34408,14.90249753
34409,15.75675452
34410,35.33076862
34411,45.12900057
34412,55.0674409
34413,65.00883368
34414,115.2443837
34415,132.0035314
34416,135.431392
34417,156.9180861
34418,175.6721725
34419,170.3702628
34420,160.6077403
34421,122.0744096
34422,55.32063498
34423,36.39496804
34424,27.32938816
34425,19.85337065
34426,17.78164009
34427,40.59794375
34428,51.37142089
34429,52.17264971
34430,47.40689177
34431,60.35506336
34432,65.87834552
34433,83.75699647
34434,96.44125397
34435,114.3786644
34436,130.7816766
34437,144.5214753
34438,144.1104369
34439,155.1066998
34440,160.3064022
34441,171.5107354
34442,189.93921
34443,202.9429539
34444,199.2278024
34445,173.7672476
34446,173.223054
34447,107.0052368
34448,67.35213703
34449,63.30723981
34450,69.4070771
34451,67.02940167
34452,60.90459647
34453,81.28907064
34454,93.58917529
34455,132.0352437
34456,176.59962
34457,201.4887306
34458,219.5667759
34459,208.6161861
34460,237.7365201
34461,257.0598179
34462,271.6740361
34463,284.9050797
34464,206.7641544
34465,280.0332355
34466,281.4610238
34467,294.3919188
34468,301.0232954
34469,319.8243163
34470,282.3708639
34471,284.7247511
34472,285.6901307
34473,299.5761125
34474,299.3247978
34475,228.1235612
34476,280.9825872
34477,292.0176872
34478,327.3745069
34479,341.3331221
34480,336.7585265
34481,265.5943773
34482,301.4458232
34483,325.5893929
34484,231.184762
34485,168.3440003
34486,49.12268354
34487,3.805005434
34488,10.99970187
34489,12.49171556
34490,15.37707812
34491,17.13329377
34492,18.58333277
34493,17.89592425
34494,19.35344429
34495,16.55202943
34496,12.70333511
34497,11.65039155
34498,9.926742563
34499,8.282960859
34500,8.65704731
34501,8.785827013
34502,8.581236314
34503,6.758439837
34504,8.50482044
34505,11.89438367
34506,14.02957493
34507,11.3936817
34508,11.18077147
34509,10.91346769
34510,10.74410877
34511,11.28813151
34512,8.019875228
34513,11.78867732
34514,12.61050837
34515,11.42004451
34516,10.66506732
34517,7.937147396
34518,8.168428766
34519,8.67018833
34520,9.387765156
34521,11.34116302
34522,8.222007212
34523,8.827408458
34524,8.754408703
34525,10.59451782
34526,10.48878031
34527,12.99082477
34528,16.94197192
34529,16.08988213
34530,14.09024445
34531,14.75983099
34532,20.81446796
34533,29.01596162
34534,34.92629689
34535,41.46183858
34536,50.81745106
34537,69.25839227
34538,60.47210761
34539,63.09423532
34540,58.53390519
34541,63.1401231
34542,68.87975767
34543,60.55082521
34544,70.71683116
34545,62.05924925
34546,80.99490168
34547,77.29041491
34548,54.30186638
34549,46.63520785
34550,43.48075791
34551,44.38033864
34552,43.51947987
34553,38.81971226
34554,42.15734901
34555,99.6862979
34556,116.0845407
34557,113.7700311
34558,115.6044559
34559,116.8512141
34560,96.41300814
34561,99.63448903
34562,99.7551417
34563,102.8095235
34564,100.7541366
34565,98.41699164
34566,70.70792323
34567,45.6731561
34568,28.0484893
34569,13.03904999
34570,10.88144344
34571,11.48207154
34572,13.18039775
34573,11.48654615
34574,16.31534093
34575,15.062747
34576,17.16878713
34577,12.77641162
34578,11.8128205
34579,11.50642518
34580,11.88605919
34581,11.49762565
34582,10.60613817
34583,10.56098976
34584,8.322758835
34585,7.846895636
34586,8.260399088
34587,6.180158967
34589,6.439785989
34590,5.458269811
34591,6.595958476
34592,5.544292361
34593,7.075989374
34594,6.172446508
34595,8.5013422
34596,8.419397941
34597,8.284741416
34598,8.402382231
34599,10.35140027
34600,13.12397736
34601,9.938845291
34602,9.249460236
34603,9.124073999
34604,9.594970015
34605,10.60578547
34606,8.460423867
34607,9.392768099
34608,9.12784985
34609,8.102847211
34610,8.598954673
34611,9.457230865
34612,9.162707874
34613,8.346926425
34614,6.441660075
34615,6.927687103
34616,6.715642998
34617,8.614291802
34618,9.093907068
34619,8.707338065
34620,6.854865462
34621,6.621799021
34622,8.14553006
34623,8.39613978
34624,10.89749163
34625,11.09826881
34626,9.797287627
34627,10.99274358
34628,11.94517938
34629,14.88378324
34630,12.81627971
34631,12.35458547
34632,14.73599312
34633,16.70104443
34634,12.40515939
34635,13.59229903
34636,15.55813441
34637,12.53157462
34638,11.38810043
34639,13.82533857
34640,13.51424343
34641,13.60808364
34642,16.16625246
34643,23.05418056
34644,21.33964754
34645,13.38821592
34646,13.15448844
34647,12.33540383
34648,18.57424455
34649,35.10170715
34650,46.513756
34651,46.14434874
34652,66.86205423
34653,113.5816642
34654,187.3320503
34655,263.7885521
34656,282.5636794
34657,314.9594137
34658,235.7664367
34659,213.4813103
34660,182.5132611
34661,121.7799492
34662,51.32839209
34663,40.84474912
34664,27.84724992
34665,104.0461882
34666,161.6301374
34667,175.111215
34668,176.9338003
34669,156.1026069
34670,153.8593384
34671,148.6870059
34672,121.2093437
34673,110.2350574
34674,129.2639349
34675,133.2435621
34676,121.6062532
34677,129.4846499
34678,150.9044159
34679,162.4267399
34680,157.4604221
34681,157.7498117
34682,165.2885689
34683,204.7790579
34684,236.2207169
34685,207.706319
34686,183.5091385
34687,91.39855812
34688,109.1889143
34689,86.78851203
34690,65.74761419
34691,48.19787628
34692,35.4377144
34693,23.54146603
34694,16.47055705
34695,15.45928264
34696,14.15482028
34697,25.12660172
34698,27.9147166
34699,28.92677671
34700,35.16055999
34701,97.42981259
34702,136.9227553
34703,183.7650379
34704,159.8753016
34705,150.7431694
34706,95.35353995
34707,132.4735274
34708,136.0678292
34709,161.622533
34710,89.70320778
34711,127.1179756
34712,126.5809566
34713,118.4387606
34714,128.6379825
34715,106.6729495
34716,205.7907689
34717,211.4165467
34718,221.0725421
34719,184.6749714
34720,233.2348251
34721,233.8855677
34722,217.9446023
34723,202.6675739
34724,194.2219561
34725,144.9927084
34726,152.8626433
34727,220.1416171
34728,224.7510683
34729,253.6029061
34730,252.6391536
34731,248.1240195
34732,246.8802419
34733,244.1221392
34734,233.8307035
34735,226.8134797
34736,234.8249611
34737,222.6347691
34738,236.1135215
34739,239.2661941
34740,248.641804
34741,232.7956484
34742,229.491376
34743,236.284444
34744,232.9384534
34745,238.8326788
34746,235.0695104
34747,231.408717
34748,252.0468966
34749,254.7462375
34750,254.17448
34751,259.6766319
34752,259.5308057
34753,270.5749797
34754,272.7980403
34755,274.8396689
34756,264.460513
34757,258.7614856
34758,256.3918156
34759,254.9448022
34760,219.7164685
34761,193.6900074
34762,109.8417579
34763,66.14692994
34764,40.44399971
34765,27.17221173
34766,21.54570444
34767,11.23711153
34768,11.10783236
34769,10.12765683
34770,10.21440073
34771,12.26144861
34772,14.49713559
34773,17.79321022
34774,11.57989272
34775,6.381328337
34776,6.952283773
34777,7.252782772
34778,6.635416738
34779,7.242498974
34780,8.134897554
34781,8.652278384
34782,10.37318719
34783,10.12685681
34784,11.64190504
34785,12.7907487
34786,9.981446591
34787,7.244808354
34788,7.864912622
34789,8.700320883
34790,8.101887849
34791,9.448866133
34792,18.14184397
34793,31.76311093
34794,42.06812039
34795,63.35313766
34796,72.86182351
34797,73.35170694
34798,70.39773242
34799,70.17909685
34800,61.95329971
34801,66.26719398
34802,83.69429869
34803,92.79341589
34804,94.75529602
34805,111.6886404
34806,129.7417916
34807,100.4217582
34808,95.14473368
34809,96.86437429
34810,68.27768513
34811,77.88206201
34812,84.39289127
34813,85.81992678
34814,85.98793644
34815,83.47188272
34816,92.71046452
34817,82.77414373
34818,67.46533314
34819,74.43108088
34820,74.91098017
34821,90.67071378
34822,138.0022003
34823,122.9639084
34824,98.98934776
34825,120.9693907
34826,123.7460412
34827,134.8344551
34828,125.6071195
34829,135.0417589
34830,129.6684893
34831,136.1249891
34832,142.946725
34833,149.2183247
34834,146.8590776
34835,153.4089837
34836,150.2545078
34837,137.1830383
34838,151.0382141
34839,109.1666212
34840,83.65456949
34841,21.98927647
34842,20.81328154
34843,11.35904491
34844,14.08837756
34845,29.36729733
34846,18.12322828
34847,9.374369946
34848,6.637361305
34849,1.341735496
34850,3.96045621
34851,3.298041826
34852,2.84327409
34853,3.530085448
34854,2.51637386
34855,2.701983709
34856,2.778501749
34857,5.04363743
34858,5.413713951
34859,5.740354435
34860,3.278788358
34862,15.71432135
34863,10.63548394
34866,7.683024198
34868,11.43465339
34869,23.62854888
34870,22.30910291
34871,31.85483456
34872,27.69623907
34875,36.96030282
34876,45.0579648
34879,60.93161981
34882,56.48735438
34883,55.71869507
34885,67.44254073
34887,31.16176933
34888,40.9603366
34889,33.07411379
34890,32.85050512
34891,31.25770505
34892,45.63990152
34893,60.91212158
34894,60.86957429
34895,56.3274879
34896,59.18394944
34897,39.02823323
34898,59.13113106
34899,48.37061277
34900,75.90495944
34901,78.42926729
34902,81.1021224
34904,86.19204072
34905,95.72018301
34906,91.69379058
34907,108.5299484
34908,119.2139515
34910,117.4572515
34911,135.7788974
34912,135.8157016
34913,125.2907049
34914,138.0903702
34916,16.64759588
34917,6.850588543
34919,7.812589212
34920,8.740621338
34921,8.860493346
34922,10.34195919
34923,12.59385003
34924,9.905004944
34925,11.93591972
34926,10.88496871
34927,10.08930727
34928,12.45194015
34929,10.77943572
34930,15.01676119
34931,14.67072182
34932,12.39024616
34934,9.400769061
34935,16.33636104
34936,28.10843758
34937,26.6595931
34938,25.42633669
34939,25.12252846
34940,30.30474252
34941,36.33392954
34942,23.8654442
34943,37.58452745
34944,39.70675516
34945,46.6824264
34946,71.38067468
34947,89.52969057
34948,83.50262969
34949,88.95479389
34950,84.09990233
34951,70.64437822
34952,31.03486841
34953,15.21130284
34954,18.00361888
34955,17.22888251
34956,11.27609214
34957,13.47953833
34958,14.81677001
34959,14.56495173
34960,18.05514642
34961,18.48737136
34962,9.399456643
34963,10.39851209
34964,10.97718195
34965,12.88019587
34966,8.266467224
34967,9.196009963
34968,8.656926939
34969,11.05506667
34970,11.62503639
34971,11.17398297
34972,8.877429292
34973,5.855800408
34974,6.696531928
34975,6.264052893
34976,8.06147545
34977,6.897619962
34978,7.697404068
34979,10.71223081
34981,7.075878993
34982,8.075613646
34985,10.39627861
34987,10.39161365
34988,11.89676557
34989,13.33372654
34990,12.6552561
34991,15.80083301
34992,14.04896929
34994,12.24788886
34995,14.88454003
34996,15.62153356
34997,21.82092494
34998,22.13461604
34999,18.25609187
35000,20.67363278
35001,18.8905129
35002,16.95093437
35003,19.26276443
35004,16.71316578
35005,18.01091045
35007,25.1171819
35008,30.11579038
35009,25.45343627
35010,23.33959334
35011,21.22123881
35012,35.47799138
35013,27.90748962
35014,42.14384644
35015,39.64685575
35016,52.05801246
35017,41.58566851
35018,36.14315555
35019,36.8926591
35020,41.54088505
35021,58.3196023
35022,72.27175087
35023,90.43981374
35024,86.7289606
35025,81.40793434
35026,82.24322612
35027,87.60726851
35031,81.38918117
35032,70.36693912
35033,48.63072016
35034,37.97421952
35035,34.93401578
35036,43.49190103
35037,40.37025233
35038,37.06745375
35039,53.47859399
35040,42.44538385
35041,31.09856838
35042,15.80234352
35043,12.88325368
35044,7.951152021
35045,9.996722914
35046,11.78713324
35047,4.964603793
35048,13.67471836
35049,10.94673198
35050,10.80249764
35051,11.22557042
35052,6.576966609
35053,8.643325729
35054,7.369279944
35055,11.57762559
35056,8.008971866
35057,10.23248891
35058,7.512372277
35059,7.911347429
35060,10.34756697
35061,13.42583625
35062,13.16271257
35063,10.64393117
35064,9.354824602
